case,source,idx,token,decoded
mode02 銀次装備2文,C8:A7DD,1,7D,「
mode02 銀次装備2文,C8:A7DD,2,02A0,桃太郎
mode02 銀次装備2文,C8:A7DD,4,5C,!
mode02 銀次装備2文,C8:A7DD,5,50, 
mode02 銀次装備2文,C8:A7DD,6,1850,銀
mode02 銀次装備2文,C8:A7DD,8,1851,次
mode02 銀次装備2文,C8:A7DD,10,A8,の
mode02 銀次装備2文,C8:A7DD,11,50, 
mode02 銀次装備2文,C8:A7DD,12,9E,そ
mode02 銀次装備2文,C8:A7DD,13,92,う
mode02 銀次装備2文,C8:A7DD,14,DF,び
mode02 銀次装備2文,C8:A7DD,15,BC,を
mode02 銀次装備2文,C8:A7DD,16,01,<NL>
mode02 銀次装備2文,C8:A7DD,17,50, 
mode02 銀次装備2文,C8:A7DD,18,A3,と
mode02 銀次装備2文,C8:A7DD,19,A3,と
mode02 銀次装備2文,C8:A7DD,20,A8,の
mode02 銀次装備2文,C8:A7DD,21,93,え
mode02 銀次装備2文,C8:A7DD,22,9F,た
mode02 銀次装備2文,C8:A7DD,23,95,か
mode02 銀次装備2文,C8:A7DD,24,5B,?
mode02 銀次装備2文,C8:A7DD,25,01,<NL>
mode02 銀次装備2文,C8:A7DD,26,50, 
mode02 銀次装備2文,C8:A7DD,27,1850,銀
mode02 銀次装備2文,C8:A7DD,29,1851,次
mode02 銀次装備2文,C8:A7DD,31,A9,は
mode02 銀次装備2文,C8:A7DD,32,50, 
mode02 銀次装備2文,C8:A7DD,33,184C,刀
mode02 銀次装備2文,C8:A7DD,35,B2,も
mode02 銀次装備2文,C8:A7DD,36,50, 
mode02 銀次装備2文,C8:A7DD,37,9E,そ
mode02 銀次装備2文,C8:A7DD,38,92,う
mode02 銀次装備2文,C8:A7DD,39,DF,び
mode02 銀次装備2文,C8:A7DD,40,BE,で
mode02 銀次装備2文,C8:A7DD,41,96,き
mode02 銀次装備2文,C8:A7DD,42,B8,る
mode02 銀次装備2文,C8:A7DD,43,5C,!
mode02 銀次装備2文,C8:A7DD,44,7E,」
mode02 銀次装備2文,C8:A7DD,45,01,<NL>
mode02 銀次装備2文,C8:A7DD,46,7D,「
mode02 銀次装備2文,C8:A7DD,47,1850,銀
mode02 銀次装備2文,C8:A7DD,49,1851,次
mode02 銀次装備2文,C8:A7DD,51,A8,の
mode02 銀次装備2文,C8:A7DD,52,50, 
mode02 銀次装備2文,C8:A7DD,53,9E,そ
mode02 銀次装備2文,C8:A7DD,54,92,う
mode02 銀次装備2文,C8:A7DD,55,DF,び
mode02 銀次装備2文,C8:A7DD,56,A9,は
mode02 銀次装備2文,C8:A7DD,57,50, 
mode02 銀次装備2文,C8:A7DD,58,1A59,着
mode02 銀次装備2文,C8:A7DD,60,1A5F,流
mode02 銀次装備2文,C8:A7DD,62,9B,し
mode02 銀次装備2文,C8:A7DD,63,DA,だ
mode02 銀次装備2文,C8:A7DD,64,5C,!
mode02 銀次装備2文,C8:A7DD,65,01,<NL>
mode02 銀次装備2文,C8:A7DD,66,50, 
mode02 銀次装備2文,C8:A7DD,67,A9,は
mode02 銀次装備2文,C8:A7DD,68,A0,ち
mode02 銀次装備2文,C8:A7DD,69,AE,ま
mode02 銀次装備2文,C8:A7DD,70,96,き
mode02 銀次装備2文,C8:A7DD,71,A3,と
mode02 銀次装備2文,C8:A7DD,72,50, 
mode02 銀次装備2文,C8:A7DD,73,BB,わ
mode02 銀次装備2文,C8:A7DD,74,B6,ら
mode02 銀次装備2文,C8:A7DD,75,D6,じ
mode02 銀次装備2文,C8:A7DD,76,A9,は
mode02 銀次装備2文,C8:A7DD,77,01,<NL>
mode02 銀次装備2文,C8:A7DD,78,50, 
mode02 銀次装備2文,C8:A7DD,79,02A0,桃太郎
mode02 銀次装備2文,C8:A7DD,81,A3,と
mode02 銀次装備2文,C8:A7DD,82,50, 
mode02 銀次装備2文,C8:A7DD,83,91,い
mode02 銀次装備2文,C8:A7DD,84,F5,っ
mode02 銀次装備2文,C8:A7DD,85,9B,し
mode02 銀次装備2文,C8:A7DD,86,F8,ょ
mode02 銀次装備2文,C8:A7DD,87,DA,だ
mode02 銀次装備2文,C8:A7DD,88,D0,が
mode02 銀次装備2文,C8:A7DD,89,A4,な
mode02 銀次装備2文,C8:A7DD,90,5C,!
mode02 銀次装備2文,C8:A7DD,91,7E,」
mode02 銀次装備2文,C8:A7DD,92,00,<00>
plain C7:02EF block,C7:02EF,1,1800,桃
plain C7:02EF block,C7:02EF,3,1801,太
plain C7:02EF block,C7:02EF,5,1802,郎
plain C7:02EF block,C7:02EF,7,00,<00>
plain C7:02EF block,C7:02EF,8,7D,「
plain C7:02EF block,C7:02EF,9,98,け
plain C7:02EF block,C7:02EF,10,F5,っ
plain C7:02EF block,C7:02EF,11,5C,!
plain C7:02EF block,C7:02EF,12,50, 
plain C7:02EF block,C7:02EF,13,9B,し
plain C7:02EF block,C7:02EF,14,F6,ゃ
plain C7:02EF block,C7:02EF,15,F5,っ
plain C7:02EF block,C7:02EF,16,96,き
plain C7:02EF block,C7:02EF,17,BD,ん
plain C7:02EF block,C7:02EF,18,50, 
plain C7:02EF block,C7:02EF,19,9B,し
plain C7:02EF block,C7:02EF,20,A2,て
plain C7:02EF block,C7:02EF,21,B8,る
plain C7:02EF block,C7:02EF,22,B3,や
plain C7:02EF block,C7:02EF,23,A1,つ
plain C7:02EF block,C7:02EF,24,A4,な
plain C7:02EF block,C7:02EF,25,DD,ど
plain C7:02EF block,C7:02EF,26,01,<NL>
plain C7:02EF block,C7:02EF,27,50, 
plain C7:02EF block,C7:02EF,28,A9,は
plain C7:02EF block,C7:02EF,29,A4,な
plain C7:02EF block,C7:02EF,30,9B,し
plain C7:02EF block,C7:02EF,31,9F,た
plain C7:02EF block,C7:02EF,32,97,く
plain C7:02EF block,C7:02EF,33,B2,も
plain C7:02EF block,C7:02EF,34,50, 
plain C7:02EF block,C7:02EF,35,A4,な
plain C7:02EF block,C7:02EF,36,91,い
plain C7:02EF block,C7:02EF,37,BB,わ
plain C7:02EF block,C7:02EF,38,91,い
plain C7:02EF block,C7:02EF,39,F5,っ
plain C7:02EF block,C7:02EF,40,5C,!
plain C7:02EF block,C7:02EF,41,7E,」
plain C7:02EF block,C7:02EF,42,01,<NL>
plain C7:02EF block,C7:02EF,43,00,<00>
plain C7:02EF block,C7:02EF,44,7D,「
plain C7:02EF block,C7:02EF,45,52,1
plain C7:02EF block,C7:02EF,46,51,0
plain C7:02EF block,C7:02EF,47,51,0
plain C7:02EF block,C7:02EF,48,1819,両
plain C7:02EF block,C7:02EF,50,50, 
plain C7:02EF block,C7:02EF,51,B2,も
plain C7:02EF block,C7:02EF,52,F5,っ
plain C7:02EF block,C7:02EF,53,A2,て
plain C7:02EF block,C7:02EF,54,A4,な
plain C7:02EF block,C7:02EF,55,91,い
plain C7:02EF block,C7:02EF,56,D9,ぞ
plain C7:02EF block,C7:02EF,57,5C,!
plain C7:02EF block,C7:02EF,58,01,<NL>
plain C7:02EF block,C7:02EF,59,50, 
plain C7:02EF block,C7:02EF,60,9B,し
plain C7:02EF block,C7:02EF,61,95,か
plain C7:02EF block,C7:02EF,62,9F,た
plain C7:02EF block,C7:02EF,63,D0,が
plain C7:02EF block,C7:02EF,64,A4,な
plain C7:02EF block,C7:02EF,65,91,い
plain C7:02EF block,C7:02EF,66,5C,!
plain C7:02EF block,C7:02EF,67,50, 
plain C7:02EF block,C7:02EF,68,91,い
plain C7:02EF block,C7:02EF,69,AE,ま
plain C7:02EF block,C7:02EF,70,50, 
plain C7:02EF block,C7:02EF,71,B2,も
plain C7:02EF block,C7:02EF,72,F5,っ
plain C7:02EF block,C7:02EF,73,A2,て
plain C7:02EF block,C7:02EF,74,B8,る
plain C7:02EF block,C7:02EF,75,01,<NL>
plain C7:02EF block,C7:02EF,76,50, 
plain C7:02EF block,C7:02EF,77,94,お
plain C7:02EF block,C7:02EF,78,1803,金
plain C7:02EF block,C7:02EF,80,DA,だ
plain C7:02EF block,C7:02EF,81,98,け
plain C7:02EF block,C7:02EF,82,BE,で
plain C7:02EF block,C7:02EF,83,B2,も
plain C7:02EF block,C7:02EF,84,50, 
plain C7:02EF block,C7:02EF,85,B2,も
plain C7:02EF block,C7:02EF,86,B6,ら
plain C7:02EF block,C7:02EF,87,F5,っ
plain C7:02EF block,C7:02EF,88,A2,て
plain C7:02EF block,C7:02EF,89,B3,や
plain C7:02EF block,C7:02EF,90,BA,ろ
plain C7:02EF block,C7:02EF,91,92,う
plain C7:02EF block,C7:02EF,92,5C,!
plain C7:02EF block,C7:02EF,93,7E,」
plain C7:02EF block,C7:02EF,94,01,<NL>
plain C7:02EF block,C7:02EF,95,11,{11}
plain C7:02EF block,C7:02EF,96,A9,は
plain C7:02EF block,C7:02EF,97,50, 
plain C7:02EF block,C7:02EF,98,B2,も
plain C7:02EF block,C7:02EF,99,F5,っ
plain C7:02EF block,C7:02EF,100,A2,て
plain C7:02EF block,C7:02EF,101,91,い
plain C7:02EF block,C7:02EF,102,9F,た
plain C7:02EF block,C7:02EF,103,01,<NL>
plain C7:02EF block,C7:02EF,104,0A,{0A}
plain C7:02EF block,C7:02EF,105,1819,両
plain C7:02EF block,C7:02EF,107,BC,を
plain C7:02EF block,C7:02EF,108,50, 
plain C7:02EF block,C7:02EF,109,92,う
plain C7:02EF block,C7:02EF,110,DE,ば
plain C7:02EF block,C7:02EF,111,BB,わ
plain C7:02EF block,C7:02EF,112,B9,れ
plain C7:02EF block,C7:02EF,113,9F,た
plain C7:02EF block,C7:02EF,114,5C,!
plain C7:02EF block,C7:02EF,115,01,<NL>
plain C7:02EF block,C7:02EF,116,00,<00>
plain C7:02EF block,C7:02EF,117,7D,「
plain C7:02EF block,C7:02EF,118,99,こ
plain C7:02EF block,C7:02EF,119,B9,れ
plain C7:02EF block,C7:02EF,120,A9,は
plain C7:02EF block,C7:02EF,121,50, 
plain C7:02EF block,C7:02EF,122,04,{04}
plain C7:02EF block,C7:02EF,123,94,お
plain C7:02EF block,C7:02EF,124,B9,れ
plain C7:02EF block,C7:02EF,125,03,{03}
plain C7:02EF block,C7:02EF,126,9A,さ
plain C7:02EF block,C7:02EF,127,AE,ま
plain C7:02EF block,C7:02EF,128,A8,の
plain C7:02EF block,C7:02EF,129,50, 
plain C7:02EF block,C7:02EF,130,A2,て
plain C7:02EF block,C7:02EF,131,AE,ま
plain C7:02EF block,C7:02EF,132,A0,ち
plain C7:02EF block,C7:02EF,133,BD,ん
plain C7:02EF block,C7:02EF,134,DA,だ
plain C7:02EF block,C7:02EF,135,5C,!
plain C7:02EF block,C7:02EF,136,01,<NL>
plain C7:02EF block,C7:02EF,137,50, 
plain C7:02EF block,C7:02EF,138,52,1
plain C7:02EF block,C7:02EF,139,51,0
plain C7:02EF block,C7:02EF,140,51,0
plain C7:02EF block,C7:02EF,141,1819,両
plain C7:02EF block,C7:02EF,143,9F,た
plain C7:02EF block,C7:02EF,144,B1,め
plain C7:02EF block,C7:02EF,145,A2,て
plain C7:02EF block,C7:02EF,146,50, 
plain C7:02EF block,C7:02EF,147,AE,ま
plain C7:02EF block,C7:02EF,148,9F,た
plain C7:02EF block,C7:02EF,149,01,<NL>
plain C7:02EF block,C7:02EF,150,50, 
plain C7:02EF block,C7:02EF,151,97,く
plain C7:02EF block,C7:02EF,152,B8,る
plain C7:02EF block,C7:02EF,153,99,こ
plain C7:02EF block,C7:02EF,154,A3,と
plain C7:02EF block,C7:02EF,155,DA,だ
plain C7:02EF block,C7:02EF,156,A4,な
plain C7:02EF block,C7:02EF,157,5C,!
plain C7:02EF block,C7:02EF,158,50, 
plain C7:02EF block,C7:02EF,159,AC,へ
plain C7:02EF block,C7:02EF,160,F5,っ
plain C7:02EF block,C7:02EF,161,AC,へ
plain C7:02EF block,C7:02EF,162,F5,っ
plain C7:02EF block,C7:02EF,163,AC,へ
plain C7:02EF block,C7:02EF,164,5C,!
plain C7:02EF block,C7:02EF,165,7E,」
plain C7:02EF block,C7:02EF,166,00,<00>
plain C7:02EF block,C7:02EF,167,7D,「
plain C7:02EF block,C7:02EF,168,1803,金
plain C7:02EF block,C7:02EF,170,A8,の
plain C7:02EF block,C7:02EF,171,50, 
plain C7:02EF block,C7:02EF,172,A4,な
plain C7:02EF block,C7:02EF,173,91,い
plain C7:02EF block,C7:02EF,174,B3,や
plain C7:02EF block,C7:02EF,175,A1,つ
plain C7:02EF block,C7:02EF,176,A9,は
plain C7:02EF block,C7:02EF,177,01,<NL>
plain C7:02EF block,C7:02EF,178,50, 
plain C7:02EF block,C7:02EF,179,99,こ
plain C7:02EF block,C7:02EF,180,A8,の
plain C7:02EF block,C7:02EF,181,AE,ま
plain C7:02EF block,C7:02EF,182,A0,ち
plain C7:02EF block,C7:02EF,183,A5,に
plain C7:02EF block,C7:02EF,184,50, 
plain C7:02EF block,C7:02EF,185,B5,よ
plain C7:02EF block,C7:02EF,186,92,う
plain C7:02EF block,C7:02EF,187,D0,が
plain C7:02EF block,C7:02EF,188,A4,な
plain C7:02EF block,C7:02EF,189,91,い
plain C7:02EF block,C7:02EF,190,5C,!
plain C7:02EF block,C7:02EF,191,01,<NL>
plain C7:02EF block,C7:02EF,192,50, 
plain C7:02EF block,C7:02EF,193,95,か
plain C7:02EF block,C7:02EF,194,93,え
plain C7:02EF block,C7:02EF,195,B9,れ
plain C7:02EF block,C7:02EF,196,5C,!
plain C7:02EF block,C7:02EF,197,50, 
plain C7:02EF block,C7:02EF,198,95,か
plain C7:02EF block,C7:02EF,199,93,え
plain C7:02EF block,C7:02EF,200,B9,れ
plain C7:02EF block,C7:02EF,201,5C,!
plain C7:02EF block,C7:02EF,202,7E,」
plain C7:02EF block,C7:02EF,203,00,<00>
plain C7:02EF block,C7:02EF,204,7D,「
plain C7:02EF block,C7:02EF,205,99,こ
plain C7:02EF block,C7:02EF,206,A8,の
plain C7:02EF block,C7:02EF,207,50, 
plain C7:02EF block,C7:02EF,208,A9,は
plain C7:02EF block,C7:02EF,209,9B,し
plain C7:02EF block,C7:02EF,210,BC,を
plain C7:02EF block,C7:02EF,211,01,<NL>
plain C7:02EF block,C7:02EF,212,50, 
plain C7:02EF block,C7:02EF,213,BB,わ
plain C7:02EF block,C7:02EF,214,9F,た
plain C7:02EF block,C7:02EF,215,B7,り
plain C7:02EF block,C7:02EF,216,9F,た
plain C7:02EF block,C7:02EF,217,97,く
plain C7:02EF block,C7:02EF,218,DE,ば
plain C7:02EF block,C7:02EF,219,50, 
plain C7:02EF block,C7:02EF,220,52,1
plain C7:02EF block,C7:02EF,221,51,0
plain C7:02EF block,C7:02EF,222,51,0
plain C7:02EF block,C7:02EF,223,1819,両
plain C7:02EF block,C7:02EF,225,B5,よ
plain C7:02EF block,C7:02EF,226,99,こ
plain C7:02EF block,C7:02EF,227,9D,せ
plain C7:02EF block,C7:02EF,228,5C,!
plain C7:02EF block,C7:02EF,229,7E,」
plain C7:02EF block,C7:02EF,230,01,<NL>
plain C7:02EF block,C7:02EF,231,00,<00>
plain C7:02EF block,C7:02EF,232,9D,せ
plain C7:02EF block,C7:02EF,233,BD,ん
plain C7:02EF block,C7:02EF,234,A5,に
plain C7:02EF block,C7:02EF,235,BD,ん
plain C7:02EF block,C7:02EF,236,00,<00>
plain C7:02EF block,C7:02EF,237,DB,ぢ
plain C7:02EF block,C7:02EF,238,F6,ゃ
plain C7:02EF block,C7:02EF,239,5C,!
plain C7:02EF block,C7:02EF,240,7E,」
plain C7:02EF block,C7:02EF,241,00,<00>
plain C7:02EF block,C7:02EF,242,04,{04}
plain C7:02EF block,C7:02EF,243,92,う
plain C7:02EF block,C7:02EF,244,AA,ひ
plain C7:02EF block,C7:02EF,245,F6,ゃ
plain C7:02EF block,C7:02EF,246,AA,ひ
plain C7:02EF block,C7:02EF,247,F6,ゃ
plain C7:02EF block,C7:02EF,248,03,{03}
plain C7:02EF block,C7:02EF,249,5F,…
plain C7:02EF block,C7:02EF,250,00,<00>
plain C7:02EF block,C7:02EF,251,91,い
plain C7:02EF block,C7:02EF,252,B6,ら
plain C7:02EF block,C7:02EF,253,F5,っ
plain C7:02EF block,C7:02EF,254,9B,し
plain C7:02EF block,C7:02EF,255,F6,ゃ
plain C7:02EF block,C7:02EF,256,80,ー
plain C7:02EF block,C7:02EF,257,91,い
plain C7:02EF block,C7:02EF,258,00,<00>
plain C7:02EF block,C7:02EF,259,B2,も
plain C7:02EF block,C7:02EF,260,B2,も
plain C7:02EF block,C7:02EF,261,9F,た
plain C7:02EF block,C7:02EF,262,BA,ろ
plain C7:02EF block,C7:02EF,263,92,う
plain C7:02EF block,C7:02EF,264,00,<00>
plain C7:02EF block,C7:02EF,265,90,あ
plain C7:02EF block,C7:02EF,266,9F,た
plain C7:02EF block,C7:02EF,267,93,え
plain C7:02EF block,C7:02EF,268,9F,た
plain C7:02EF block,C7:02EF,269,00,<00>
plain C7:02EF block,C7:02EF,270,04,{04}
plain C7:02EF block,C7:02EF,271,94,お
plain C7:02EF block,C7:02EF,272,A5,に
plain C7:02EF block,C7:02EF,273,03,{03}
plain C7:02EF block,C7:02EF,274,00,<00>
plain C7:02EF block,C7:02EF,275,94,お
plain C7:02EF block,C7:02EF,276,A5,に
plain C7:02EF block,C7:02EF,277,D0,が
plain C7:02EF block,C7:02EF,278,9B,し
plain C7:02EF block,C7:02EF,279,AE,ま
plain C7:02EF block,C7:02EF,280,00,<00>
plain C7:02EF block,C7:02EF,281,A8,の
plain C7:02EF block,C7:02EF,282,02B1,{02B1}
plain C7:02EF block,C7:02EF,284,00,<00>
plain C7:02EF block,C7:02EF,285,BB,わ
plain C7:02EF block,C7:02EF,286,9B,し
plain C7:02EF block,C7:02EF,287,00,<00>
plain C7:02EF block,C7:02EF,288,96,き
plain C7:02EF block,C7:02EF,289,BD,ん
plain C7:02EF block,C7:02EF,290,9F,た
plain C7:02EF block,C7:02EF,291,BD,ん
plain C7:02EF block,C7:02EF,292,00,<00>
plain C7:02EF block,C7:02EF,293,D6,じ
plain C7:02EF block,C7:02EF,294,F7,ゅ
plain C7:02EF block,C7:02EF,295,A1,つ
plain C7:02EF block,C7:02EF,296,00,<00>
plain C7:02EF block,C7:02EF,297,DD,ど
plain C7:02EF block,C7:02EF,298,92,う
plain C7:02EF block,C7:02EF,299,D2,ぐ
plain C7:02EF block,C7:02EF,300,00,<00>
plain C7:02EF block,C7:02EF,301,A1,つ
plain C7:02EF block,C7:02EF,302,95,か
plain C7:02EF block,C7:02EF,303,92,う
plain C7:02EF block,C7:02EF,304,00,<00>
plain C7:02EF block,C7:02EF,305,19DE,回
plain C7:02EF block,C7:02EF,307,19DF,復
plain C7:02EF block,C7:02EF,309,9B,し
plain C7:02EF block,C7:02EF,310,9F,た
plain C7:02EF block,C7:02EF,311,5C,!
plain C7:02EF block,C7:02EF,312,00,<00>
plain C7:02EF block,C7:02EF,313,04,{04}
plain C7:02EF block,C7:02EF,314,A0,ち
plain C7:02EF block,C7:02EF,315,F7,ゅ
plain C7:02EF block,C7:02EF,316,A0,ち
plain C7:02EF block,C7:02EF,317,F7,ゅ
plain C7:02EF block,C7:02EF,318,BD,ん
plain C7:02EF block,C7:02EF,319,03,{03}
plain C7:02EF block,C7:02EF,320,5C,!
plain C7:02EF block,C7:02EF,321,00,<00>
plain C7:02EF block,C7:02EF,322,94,お
plain C7:02EF block,C7:02EF,323,AE,ま
plain C7:02EF block,C7:02EF,324,93,え
plain C7:02EF block,C7:02EF,325,00,<00>
plain C7:02EF block,C7:02EF,326,AE,ま
plain C7:02EF block,C7:02EF,327,93,え
plain C7:02EF block,C7:02EF,328,00,<00>
plain C7:02EF block,C7:02EF,329,9D,せ
plain C7:02EF block,C7:02EF,330,91,い
plain C7:02EF block,C7:02EF,331,D1,ぎ
plain C7:02EF block,C7:02EF,332,00,<00>
plain C7:02EF block,C7:02EF,333,B4,ゆ
plain C7:02EF block,C7:02EF,334,92,う
plain C7:02EF block,C7:02EF,335,96,き
plain C7:02EF block,C7:02EF,336,00,<00>
plain C7:02EF block,C7:02EF,337,90,あ
plain C7:02EF block,C7:02EF,338,91,い
plain C7:02EF block,C7:02EF,339,00,<00>
plain C7:02EF block,C7:02EF,340,9F,た
plain C7:02EF block,C7:02EF,341,DF,び
plain C7:02EF block,C7:02EF,342,00,<00>
plain C7:02EF block,C7:02EF,343,A4,な
plain C7:02EF block,C7:02EF,344,95,か
plain C7:02EF block,C7:02EF,345,00,<00>
plain C7:02EF block,C7:02EF,346,90,あ
plain C7:02EF block,C7:02EF,347,B7,り
plain C7:02EF block,C7:02EF,348,D0,が
plain C7:02EF block,C7:02EF,349,A3,と
plain C7:02EF block,C7:02EF,350,92,う
plain C7:02EF block,C7:02EF,351,D4,ご
plain C7:02EF block,C7:02EF,352,D5,ざ
plain C7:02EF block,C7:02EF,353,91,い
plain C7:02EF block,C7:02EF,354,AE,ま
plain C7:02EF block,C7:02EF,355,00,<00>
plain C7:02EF block,C7:02EF,356,9F,た
plain C7:02EF block,C7:02EF,357,95,か
plain C7:02EF block,C7:02EF,358,B6,ら
plain C7:02EF block,C7:02EF,359,00,<00>
plain C7:02EF block,C7:02EF,360,D6,じ
scan keyword 北西,C8:9981,1,1813,北
scan keyword 北西,C8:9981,3,1811,西
scan keyword 北西,C8:9981,5,A5,に
scan keyword 北西,C8:9981,6,191A,向
scan keyword 北西,C8:9981,8,95,か
scan keyword 北西,C8:9981,9,93,え
scan keyword 北西,C8:9981,10,DE,ば
scan keyword 北西,C8:9981,11,01,<NL>
scan keyword 北西,C8:9981,12,50, 
scan keyword 北西,C8:9981,13,18EF,船
scan keyword 北西,C8:9981,15,1840,大
scan keyword 北西,C8:9981,17,1A26,工
scan keyword 北西,C8:9981,19,A8,の
scan keyword 北西,C8:9981,20,1814,村
scan keyword 北西,C8:9981,22,50, 
scan keyword 北西,C8:9981,23,04,{04}
scan keyword 北西,C8:9981,24,9A,さ
scan keyword 北西,C8:9981,25,B8,る
scan keyword 北西,C8:9981,26,95,か
scan keyword 北西,C8:9981,27,A5,に
scan keyword 北西,C8:9981,28,03,{03}
scan keyword 北西,C8:9981,29,A8,の
scan keyword 北西,C8:9981,30,1814,村
scan keyword 北西,C8:9981,32,D6,じ
scan keyword 北西,C8:9981,33,F6,ゃ
scan keyword 北西,C8:9981,34,5C,!
scan keyword 北西,C8:9981,35,7E,」
scan keyword 北西,C8:9981,36,01,<NL>
scan keyword 北西,C8:9981,37,01,<NL>
scan keyword 北西,C8:9981,38,7D,「
scan keyword 北西,C8:9981,39,1811,西
scan keyword 北西,C8:9981,41,A5,に
scan keyword 北西,C8:9981,42,191A,向
scan keyword 北西,C8:9981,44,95,か
scan keyword 北西,C8:9981,45,93,え
scan keyword 北西,C8:9981,46,DE,ば
scan keyword 北西,C8:9981,47,50, 
scan keyword 北西,C8:9981,48,96,き
scan keyword 北西,C8:9981,49,BD,ん
scan keyword 北西,C8:9981,50,9E,そ
scan keyword 北西,C8:9981,51,92,う
scan keyword 北西,C8:9981,52,1988,仙
scan keyword 北西,C8:9981,54,1847,人
scan keyword 北西,C8:9981,56,A8,の
scan keyword 北西,C8:9981,57,1989,庵
scan keyword 北西,C8:9981,59,5C,!
scan keyword 北西,C8:9981,60,01,<NL>
scan keyword 北西,C8:9981,61,50, 
scan keyword 北西,C8:9981,62,1812,南
scan keyword 北西,C8:9981,64,A5,に
scan keyword 北西,C8:9981,65,A9,は
scan keyword 北西,C8:9981,66,50, 
scan keyword 北西,C8:9981,67,1889,山
scan keyword 北西,C8:9981,69,A8,の
scan keyword 北西,C8:9981,70,185F,幸
scan keyword 北西,C8:9981,72,50, 
scan keyword 北西,C8:9981,73,19B2,豊
scan keyword 北西,C8:9981,75,95,か
scan keyword 北西,C8:9981,76,A4,な
scan keyword 北西,C8:9981,77,01,<NL>
scan keyword 北西,C8:9981,78,50, 
scan keyword 北西,C8:9981,79,A9,は
scan keyword 北西,C8:9981,80,B6,ら
scan keyword 北西,C8:9981,81,DA,だ
scan keyword 北西,C8:9981,82,9B,し
scan keyword 北西,C8:9981,83,A8,の
scan keyword 北西,C8:9981,84,199F,里
scan keyword 北西,C8:9981,86,D0,が
scan keyword 北西,C8:9981,87,50, 
scan keyword 北西,C8:9981,88,90,あ
scan keyword 北西,C8:9981,89,B8,る
scan keyword 北西,C8:9981,90,D9,ぞ
scan keyword 北西,C8:9981,91,5C,!
scan keyword 北西,C8:9981,92,7E,」
scan keyword 北西,C8:9981,93,00,<00>
scan keyword 北西,C8:997E,1,A8,の
scan keyword 北西,C8:997E,2,1A7E,稲
scan keyword 北西,C8:997E,4,98,け
scan keyword 北西,C8:997E,5,1813,北
scan keyword 北西,C8:997E,7,1811,西
scan keyword 北西,C8:997E,9,A5,に
scan keyword 北西,C8:997E,10,191A,向
scan keyword 北西,C8:997E,12,95,か
scan keyword 北西,C8:997E,13,93,え
scan keyword 北西,C8:997E,14,DE,ば
scan keyword 北西,C8:997E,15,01,<NL>
scan keyword 北西,C8:997E,16,50, 
scan keyword 北西,C8:997E,17,18EF,船
scan keyword 北西,C8:997E,19,1840,大
scan keyword 北西,C8:997E,21,1A26,工
scan keyword 北西,C8:997E,23,A8,の
scan keyword 北西,C8:997E,24,1814,村
scan keyword 北西,C8:997E,26,50, 
scan keyword 北西,C8:997E,27,04,{04}
scan keyword 北西,C8:997E,28,9A,さ
scan keyword 北西,C8:997E,29,B8,る
scan keyword 北西,C8:997E,30,95,か
scan keyword 北西,C8:997E,31,A5,に
scan keyword 北西,C8:997E,32,03,{03}
scan keyword 北西,C8:997E,33,A8,の
scan keyword 北西,C8:997E,34,1814,村
scan keyword 北西,C8:997E,36,D6,じ
scan keyword 北西,C8:997E,37,F6,ゃ
scan keyword 北西,C8:997E,38,5C,!
scan keyword 北西,C8:997E,39,7E,」
scan keyword 北西,C8:997E,40,01,<NL>
scan keyword 北西,C8:997E,41,01,<NL>
scan keyword 北西,C8:997E,42,7D,「
scan keyword 北西,C8:997E,43,1811,西
scan keyword 北西,C8:997E,45,A5,に
scan keyword 北西,C8:997E,46,191A,向
scan keyword 北西,C8:997E,48,95,か
scan keyword 北西,C8:997E,49,93,え
scan keyword 北西,C8:997E,50,DE,ば
scan keyword 北西,C8:997E,51,50, 
scan keyword 北西,C8:997E,52,96,き
scan keyword 北西,C8:997E,53,BD,ん
scan keyword 北西,C8:997E,54,9E,そ
scan keyword 北西,C8:997E,55,92,う
scan keyword 北西,C8:997E,56,1988,仙
scan keyword 北西,C8:997E,58,1847,人
scan keyword 北西,C8:997E,60,A8,の
scan keyword 北西,C8:997E,61,1989,庵
scan keyword 北西,C8:997E,63,5C,!
scan keyword 北西,C8:997E,64,01,<NL>
scan keyword 北西,C8:997E,65,50, 
scan keyword 北西,C8:997E,66,1812,南
scan keyword 北西,C8:997E,68,A5,に
scan keyword 北西,C8:997E,69,A9,は
scan keyword 北西,C8:997E,70,50, 
scan keyword 北西,C8:997E,71,1889,山
scan keyword 北西,C8:997E,73,A8,の
scan keyword 北西,C8:997E,74,185F,幸
scan keyword 北西,C8:997E,76,50, 
scan keyword 北西,C8:997E,77,19B2,豊
scan keyword 北西,C8:997E,79,95,か
scan keyword 北西,C8:997E,80,A4,な
scan keyword 北西,C8:997E,81,01,<NL>
scan keyword 北西,C8:997E,82,50, 
scan keyword 北西,C8:997E,83,A9,は
scan keyword 北西,C8:997E,84,B6,ら
scan keyword 北西,C8:997E,85,DA,だ
scan keyword 北西,C8:997E,86,9B,し
scan keyword 北西,C8:997E,87,A8,の
scan keyword 北西,C8:997E,88,199F,里
scan keyword 北西,C8:997E,90,D0,が
scan keyword 北西,C8:997E,91,50, 
scan keyword 北西,C8:997E,92,90,あ
scan keyword 北西,C8:997E,93,B8,る
scan keyword 北西,C8:997E,94,D9,ぞ
scan keyword 北西,C8:997E,95,5C,!
scan keyword 北西,C8:997E,96,7E,」
scan keyword 北西,C8:997E,97,00,<00>
scan keyword 北西,C8:997D,1,AE,ま
scan keyword 北西,C8:997D,2,AA,ひ
scan keyword 北西,C8:997D,3,187E,情
scan keyword 北西,C8:997D,5,98,け
scan keyword 北西,C8:997D,6,1813,北
scan keyword 北西,C8:997D,8,1811,西
scan keyword 北西,C8:997D,10,A5,に
scan keyword 北西,C8:997D,11,191A,向
scan keyword 北西,C8:997D,13,95,か
scan keyword 北西,C8:997D,14,93,え
scan keyword 北西,C8:997D,15,DE,ば
scan keyword 北西,C8:997D,16,01,<NL>
scan keyword 北西,C8:997D,17,50, 
scan keyword 北西,C8:997D,18,18EF,船
scan keyword 北西,C8:997D,20,1840,大
scan keyword 北西,C8:997D,22,1A26,工
scan keyword 北西,C8:997D,24,A8,の
scan keyword 北西,C8:997D,25,1814,村
scan keyword 北西,C8:997D,27,50, 
scan keyword 北西,C8:997D,28,04,{04}
scan keyword 北西,C8:997D,29,9A,さ
scan keyword 北西,C8:997D,30,B8,る
scan keyword 北西,C8:997D,31,95,か
scan keyword 北西,C8:997D,32,A5,に
scan keyword 北西,C8:997D,33,03,{03}
scan keyword 北西,C8:997D,34,A8,の
scan keyword 北西,C8:997D,35,1814,村
scan keyword 北西,C8:997D,37,D6,じ
scan keyword 北西,C8:997D,38,F6,ゃ
scan keyword 北西,C8:997D,39,5C,!
scan keyword 北西,C8:997D,40,7E,」
scan keyword 北西,C8:997D,41,01,<NL>
scan keyword 北西,C8:997D,42,01,<NL>
scan keyword 北西,C8:997D,43,7D,「
scan keyword 北西,C8:997D,44,1811,西
scan keyword 北西,C8:997D,46,A5,に
scan keyword 北西,C8:997D,47,191A,向
scan keyword 北西,C8:997D,49,95,か
scan keyword 北西,C8:997D,50,93,え
scan keyword 北西,C8:997D,51,DE,ば
scan keyword 北西,C8:997D,52,50, 
scan keyword 北西,C8:997D,53,96,き
scan keyword 北西,C8:997D,54,BD,ん
scan keyword 北西,C8:997D,55,9E,そ
scan keyword 北西,C8:997D,56,92,う
scan keyword 北西,C8:997D,57,1988,仙
scan keyword 北西,C8:997D,59,1847,人
scan keyword 北西,C8:997D,61,A8,の
scan keyword 北西,C8:997D,62,1989,庵
scan keyword 北西,C8:997D,64,5C,!
scan keyword 北西,C8:997D,65,01,<NL>
scan keyword 北西,C8:997D,66,50, 
scan keyword 北西,C8:997D,67,1812,南
scan keyword 北西,C8:997D,69,A5,に
scan keyword 北西,C8:997D,70,A9,は
scan keyword 北西,C8:997D,71,50, 
scan keyword 北西,C8:997D,72,1889,山
scan keyword 北西,C8:997D,74,A8,の
scan keyword 北西,C8:997D,75,185F,幸
scan keyword 北西,C8:997D,77,50, 
scan keyword 北西,C8:997D,78,19B2,豊
scan keyword 北西,C8:997D,80,95,か
scan keyword 北西,C8:997D,81,A4,な
scan keyword 北西,C8:997D,82,01,<NL>
scan keyword 北西,C8:997D,83,50, 
scan keyword 北西,C8:997D,84,A9,は
scan keyword 北西,C8:997D,85,B6,ら
scan keyword 北西,C8:997D,86,DA,だ
scan keyword 北西,C8:997D,87,9B,し
scan keyword 北西,C8:997D,88,A8,の
scan keyword 北西,C8:997D,89,199F,里
scan keyword 北西,C8:997D,91,D0,が
scan keyword 北西,C8:997D,92,50, 
scan keyword 北西,C8:997D,93,90,あ
scan keyword 北西,C8:997D,94,B8,る
scan keyword 北西,C8:997D,95,D9,ぞ
scan keyword 北西,C8:997D,96,5C,!
scan keyword 北西,C8:997D,97,7E,」
scan keyword 北西,C8:997D,98,00,<00>
scan keyword おむすびころりん,C8:96F9,1,BB,わ
scan keyword おむすびころりん,C8:96F9,2,54,3
scan keyword おむすびころりん,C8:96F9,3,A9,は
scan keyword おむすびころりん,C8:96F9,4,01,<NL>
scan keyword おむすびころりん,C8:96F9,5,01,<NL>
scan keyword おむすびころりん,C8:96F9,6,01,<NL>
scan keyword おむすびころりん,C8:96F9,7,01,<NL>
scan keyword おむすびころりん,C8:96F9,8,94,お
scan keyword おむすびころりん,C8:96F9,9,B0,む
scan keyword おむすびころりん,C8:96F9,10,9C,す
scan keyword おむすびころりん,C8:96F9,11,DF,び
scan keyword おむすびころりん,C8:96F9,12,A9,は
scan keyword おむすびころりん,C8:96F9,13,50, 
scan keyword おむすびころりん,C8:96F9,14,99,こ
scan keyword おむすびころりん,C8:96F9,15,BA,ろ
scan keyword おむすびころりん,C8:96F9,16,D0,が
scan keyword おむすびころりん,C8:96F9,17,F5,っ
scan keyword おむすびころりん,C8:96F9,18,A2,て
scan keyword おむすびころりん,C8:96F9,19,01,<NL>
scan keyword おむすびころりん,C8:96F9,20,19EB,穴
scan keyword おむすびころりん,C8:96F9,22,A8,の
scan keyword おむすびころりん,C8:96F9,23,A4,な
scan keyword おむすびころりん,C8:96F9,24,95,か
scan keyword おむすびころりん,C8:96F9,25,A5,に
scan keyword おむすびころりん,C8:96F9,26,50, 
scan keyword おむすびころりん,C8:96F9,27,19D7,入
scan keyword おむすびころりん,C8:96F9,29,F5,っ
scan keyword おむすびころりん,C8:96F9,30,A2,て
scan keyword おむすびころりん,C8:96F9,31,19BF,行
scan keyword おむすびころりん,C8:96F9,33,F5,っ
scan keyword おむすびころりん,C8:96F9,34,9F,た
scan keyword おむすびころりん,C8:96F9,35,5C,!
scan keyword おむすびころりん,C8:96F9,36,01,<NL>
scan keyword おむすびころりん,C8:96F9,37,02A0,桃太郎
scan keyword おむすびころりん,C8:96F9,39,B2,も
scan keyword おむすびころりん,C8:96F9,40,50, 
scan keyword おむすびころりん,C8:96F9,41,91,い
scan keyword おむすびころりん,C8:96F9,42,F5,っ
scan keyword おむすびころりん,C8:96F9,43,9B,し
scan keyword おむすびころりん,C8:96F9,44,F8,ょ
scan keyword おむすびころりん,C8:96F9,45,A5,に
scan keyword おむすびころりん,C8:96F9,46,50, 
scan keyword おむすびころりん,C8:96F9,47,19D7,入
scan keyword おむすびころりん,C8:96F9,49,F5,っ
scan keyword おむすびころりん,C8:96F9,50,A2,て
scan keyword おむすびころりん,C8:96F9,51,19BF,行
scan keyword おむすびころりん,C8:96F9,53,F5,っ
scan keyword おむすびころりん,C8:96F9,54,9F,た
scan keyword おむすびころりん,C8:96F9,55,5C,!
scan keyword おむすびころりん,C8:96F9,56,01,<NL>
scan keyword おむすびころりん,C8:96F9,57,7D,「
scan keyword おむすびころりん,C8:96F9,58,04,{04}
scan keyword おむすびころりん,C8:96F9,59,A0,ち
scan keyword おむすびころりん,C8:96F9,60,F7,ゅ
scan keyword おむすびころりん,C8:96F9,61,03,{03}
scan keyword おむすびころりん,C8:96F9,62,80,ー
scan keyword おむすびころりん,C8:96F9,63,50, 
scan keyword おむすびころりん,C8:96F9,64,04,{04}
scan keyword おむすびころりん,C8:96F9,65,A0,ち
scan keyword おむすびころりん,C8:96F9,66,F7,ゅ
scan keyword おむすびころりん,C8:96F9,67,03,{03}
scan keyword おむすびころりん,C8:96F9,68,80,ー
scan keyword おむすびころりん,C8:96F9,69,5C,!
scan keyword おむすびころりん,C8:96F9,70,50, 
scan keyword おむすびころりん,C8:96F9,71,04,{04}
scan keyword おむすびころりん,C8:96F9,72,A0,ち
scan keyword おむすびころりん,C8:96F9,73,F7,ゅ
scan keyword おむすびころりん,C8:96F9,74,03,{03}
scan keyword おむすびころりん,C8:96F9,75,80,ー
scan keyword おむすびころりん,C8:96F9,76,50, 
scan keyword おむすびころりん,C8:96F9,77,04,{04}
scan keyword おむすびころりん,C8:96F9,78,A0,ち
scan keyword おむすびころりん,C8:96F9,79,F7,ゅ
scan keyword おむすびころりん,C8:96F9,80,03,{03}
scan keyword おむすびころりん,C8:96F9,81,80,ー
scan keyword おむすびころりん,C8:96F9,82,5C,!
scan keyword おむすびころりん,C8:96F9,83,01,<NL>
scan keyword おむすびころりん,C8:96F9,84,50, 
scan keyword おむすびころりん,C8:96F9,85,94,お
scan keyword おむすびころりん,C8:96F9,86,B0,む
scan keyword おむすびころりん,C8:96F9,87,9C,す
scan keyword おむすびころりん,C8:96F9,88,DF,び
scan keyword おむすびころりん,C8:96F9,89,99,こ
scan keyword おむすびころりん,C8:96F9,90,BA,ろ
scan keyword おむすびころりん,C8:96F9,91,B7,り
scan keyword おむすびころりん,C8:96F9,92,BD,ん
scan keyword おむすびころりん,C8:96F9,93,50, 
scan keyword おむすびころりん,C8:96F9,94,9C,す
scan keyword おむすびころりん,C8:96F9,95,F5,っ
scan keyword おむすびころりん,C8:96F9,96,A3,と
scan keyword おむすびころりん,C8:96F9,97,BD,ん
scan keyword おむすびころりん,C8:96F9,98,A3,と
scan keyword おむすびころりん,C8:96F9,99,BD,ん
scan keyword おむすびころりん,C8:96F9,100,5C,!
scan keyword おむすびころりん,C8:96F9,101,7E,」
scan keyword おむすびころりん,C8:96F9,102,01,<NL>
scan keyword おむすびころりん,C8:96F9,103,00,<00>
scan keyword おむすびころりん,C8:96F8,1,50, 
scan keyword おむすびころりん,C8:96F8,2,9E,そ
scan keyword おむすびころりん,C8:96F8,3,A4,な
scan keyword おむすびころりん,C8:96F8,4,93,え
scan keyword おむすびころりん,C8:96F8,5,9F,た
scan keyword おむすびころりん,C8:96F8,6,5C,!
scan keyword おむすびころりん,C8:96F8,7,01,<NL>
scan keyword おむすびころりん,C8:96F8,8,01,<NL>
scan keyword おむすびころりん,C8:96F8,9,01,<NL>
scan keyword おむすびころりん,C8:96F8,10,94,お
scan keyword おむすびころりん,C8:96F8,11,B0,む
scan keyword おむすびころりん,C8:96F8,12,9C,す
scan keyword おむすびころりん,C8:96F8,13,DF,び
scan keyword おむすびころりん,C8:96F8,14,A9,は
scan keyword おむすびころりん,C8:96F8,15,50, 
scan keyword おむすびころりん,C8:96F8,16,99,こ
scan keyword おむすびころりん,C8:96F8,17,BA,ろ
scan keyword おむすびころりん,C8:96F8,18,D0,が
scan keyword おむすびころりん,C8:96F8,19,F5,っ
scan keyword おむすびころりん,C8:96F8,20,A2,て
scan keyword おむすびころりん,C8:96F8,21,01,<NL>
scan keyword おむすびころりん,C8:96F8,22,19EB,穴
scan keyword おむすびころりん,C8:96F8,24,A8,の
scan keyword おむすびころりん,C8:96F8,25,A4,な
scan keyword おむすびころりん,C8:96F8,26,95,か
scan keyword おむすびころりん,C8:96F8,27,A5,に
scan keyword おむすびころりん,C8:96F8,28,50, 
scan keyword おむすびころりん,C8:96F8,29,19D7,入
scan keyword おむすびころりん,C8:96F8,31,F5,っ
scan keyword おむすびころりん,C8:96F8,32,A2,て
scan keyword おむすびころりん,C8:96F8,33,19BF,行
scan keyword おむすびころりん,C8:96F8,35,F5,っ
scan keyword おむすびころりん,C8:96F8,36,9F,た
scan keyword おむすびころりん,C8:96F8,37,5C,!
scan keyword おむすびころりん,C8:96F8,38,01,<NL>
scan keyword おむすびころりん,C8:96F8,39,02A0,桃太郎
scan keyword おむすびころりん,C8:96F8,41,B2,も
scan keyword おむすびころりん,C8:96F8,42,50, 
scan keyword おむすびころりん,C8:96F8,43,91,い
scan keyword おむすびころりん,C8:96F8,44,F5,っ
scan keyword おむすびころりん,C8:96F8,45,9B,し
scan keyword おむすびころりん,C8:96F8,46,F8,ょ
scan keyword おむすびころりん,C8:96F8,47,A5,に
scan keyword おむすびころりん,C8:96F8,48,50, 
scan keyword おむすびころりん,C8:96F8,49,19D7,入
scan keyword おむすびころりん,C8:96F8,51,F5,っ
scan keyword おむすびころりん,C8:96F8,52,A2,て
scan keyword おむすびころりん,C8:96F8,53,19BF,行
scan keyword おむすびころりん,C8:96F8,55,F5,っ
scan keyword おむすびころりん,C8:96F8,56,9F,た
scan keyword おむすびころりん,C8:96F8,57,5C,!
scan keyword おむすびころりん,C8:96F8,58,01,<NL>
scan keyword おむすびころりん,C8:96F8,59,7D,「
scan keyword おむすびころりん,C8:96F8,60,04,{04}
scan keyword おむすびころりん,C8:96F8,61,A0,ち
scan keyword おむすびころりん,C8:96F8,62,F7,ゅ
scan keyword おむすびころりん,C8:96F8,63,03,{03}
scan keyword おむすびころりん,C8:96F8,64,80,ー
scan keyword おむすびころりん,C8:96F8,65,50, 
scan keyword おむすびころりん,C8:96F8,66,04,{04}
scan keyword おむすびころりん,C8:96F8,67,A0,ち
scan keyword おむすびころりん,C8:96F8,68,F7,ゅ
scan keyword おむすびころりん,C8:96F8,69,03,{03}
scan keyword おむすびころりん,C8:96F8,70,80,ー
scan keyword おむすびころりん,C8:96F8,71,5C,!
scan keyword おむすびころりん,C8:96F8,72,50, 
scan keyword おむすびころりん,C8:96F8,73,04,{04}
scan keyword おむすびころりん,C8:96F8,74,A0,ち
scan keyword おむすびころりん,C8:96F8,75,F7,ゅ
scan keyword おむすびころりん,C8:96F8,76,03,{03}
scan keyword おむすびころりん,C8:96F8,77,80,ー
scan keyword おむすびころりん,C8:96F8,78,50, 
scan keyword おむすびころりん,C8:96F8,79,04,{04}
scan keyword おむすびころりん,C8:96F8,80,A0,ち
scan keyword おむすびころりん,C8:96F8,81,F7,ゅ
scan keyword おむすびころりん,C8:96F8,82,03,{03}
scan keyword おむすびころりん,C8:96F8,83,80,ー
scan keyword おむすびころりん,C8:96F8,84,5C,!
scan keyword おむすびころりん,C8:96F8,85,01,<NL>
scan keyword おむすびころりん,C8:96F8,86,50, 
scan keyword おむすびころりん,C8:96F8,87,94,お
scan keyword おむすびころりん,C8:96F8,88,B0,む
scan keyword おむすびころりん,C8:96F8,89,9C,す
scan keyword おむすびころりん,C8:96F8,90,DF,び
scan keyword おむすびころりん,C8:96F8,91,99,こ
scan keyword おむすびころりん,C8:96F8,92,BA,ろ
scan keyword おむすびころりん,C8:96F8,93,B7,り
scan keyword おむすびころりん,C8:96F8,94,BD,ん
scan keyword おむすびころりん,C8:96F8,95,50, 
scan keyword おむすびころりん,C8:96F8,96,9C,す
scan keyword おむすびころりん,C8:96F8,97,F5,っ
scan keyword おむすびころりん,C8:96F8,98,A3,と
scan keyword おむすびころりん,C8:96F8,99,BD,ん
scan keyword おむすびころりん,C8:96F8,100,A3,と
scan keyword おむすびころりん,C8:96F8,101,BD,ん
scan keyword おむすびころりん,C8:96F8,102,5C,!
scan keyword おむすびころりん,C8:96F8,103,7E,」
scan keyword おむすびころりん,C8:96F8,104,01,<NL>
scan keyword おむすびころりん,C8:96F8,105,00,<00>
scan keyword おむすびころりん,C8:96F7,1,DD,ど
scan keyword おむすびころりん,C8:96F7,2,50, 
scan keyword おむすびころりん,C8:96F7,3,9E,そ
scan keyword おむすびころりん,C8:96F7,4,A4,な
scan keyword おむすびころりん,C8:96F7,5,93,え
scan keyword おむすびころりん,C8:96F7,6,9F,た
scan keyword おむすびころりん,C8:96F7,7,5C,!
scan keyword おむすびころりん,C8:96F7,8,01,<NL>
scan keyword おむすびころりん,C8:96F7,9,01,<NL>
scan keyword おむすびころりん,C8:96F7,10,01,<NL>
scan keyword おむすびころりん,C8:96F7,11,94,お
scan keyword おむすびころりん,C8:96F7,12,B0,む
scan keyword おむすびころりん,C8:96F7,13,9C,す
scan keyword おむすびころりん,C8:96F7,14,DF,び
scan keyword おむすびころりん,C8:96F7,15,A9,は
scan keyword おむすびころりん,C8:96F7,16,50, 
scan keyword おむすびころりん,C8:96F7,17,99,こ
scan keyword おむすびころりん,C8:96F7,18,BA,ろ
scan keyword おむすびころりん,C8:96F7,19,D0,が
scan keyword おむすびころりん,C8:96F7,20,F5,っ
scan keyword おむすびころりん,C8:96F7,21,A2,て
scan keyword おむすびころりん,C8:96F7,22,01,<NL>
scan keyword おむすびころりん,C8:96F7,23,19EB,穴
scan keyword おむすびころりん,C8:96F7,25,A8,の
scan keyword おむすびころりん,C8:96F7,26,A4,な
scan keyword おむすびころりん,C8:96F7,27,95,か
scan keyword おむすびころりん,C8:96F7,28,A5,に
scan keyword おむすびころりん,C8:96F7,29,50, 
scan keyword おむすびころりん,C8:96F7,30,19D7,入
scan keyword おむすびころりん,C8:96F7,32,F5,っ
scan keyword おむすびころりん,C8:96F7,33,A2,て
scan keyword おむすびころりん,C8:96F7,34,19BF,行
scan keyword おむすびころりん,C8:96F7,36,F5,っ
scan keyword おむすびころりん,C8:96F7,37,9F,た
scan keyword おむすびころりん,C8:96F7,38,5C,!
scan keyword おむすびころりん,C8:96F7,39,01,<NL>
scan keyword おむすびころりん,C8:96F7,40,02A0,桃太郎
scan keyword おむすびころりん,C8:96F7,42,B2,も
scan keyword おむすびころりん,C8:96F7,43,50, 
scan keyword おむすびころりん,C8:96F7,44,91,い
scan keyword おむすびころりん,C8:96F7,45,F5,っ
scan keyword おむすびころりん,C8:96F7,46,9B,し
scan keyword おむすびころりん,C8:96F7,47,F8,ょ
scan keyword おむすびころりん,C8:96F7,48,A5,に
scan keyword おむすびころりん,C8:96F7,49,50, 
scan keyword おむすびころりん,C8:96F7,50,19D7,入
scan keyword おむすびころりん,C8:96F7,52,F5,っ
scan keyword おむすびころりん,C8:96F7,53,A2,て
scan keyword おむすびころりん,C8:96F7,54,19BF,行
scan keyword おむすびころりん,C8:96F7,56,F5,っ
scan keyword おむすびころりん,C8:96F7,57,9F,た
scan keyword おむすびころりん,C8:96F7,58,5C,!
scan keyword おむすびころりん,C8:96F7,59,01,<NL>
scan keyword おむすびころりん,C8:96F7,60,7D,「
scan keyword おむすびころりん,C8:96F7,61,04,{04}
scan keyword おむすびころりん,C8:96F7,62,A0,ち
scan keyword おむすびころりん,C8:96F7,63,F7,ゅ
scan keyword おむすびころりん,C8:96F7,64,03,{03}
scan keyword おむすびころりん,C8:96F7,65,80,ー
scan keyword おむすびころりん,C8:96F7,66,50, 
scan keyword おむすびころりん,C8:96F7,67,04,{04}
scan keyword おむすびころりん,C8:96F7,68,A0,ち
scan keyword おむすびころりん,C8:96F7,69,F7,ゅ
scan keyword おむすびころりん,C8:96F7,70,03,{03}
scan keyword おむすびころりん,C8:96F7,71,80,ー
scan keyword おむすびころりん,C8:96F7,72,5C,!
scan keyword おむすびころりん,C8:96F7,73,50, 
scan keyword おむすびころりん,C8:96F7,74,04,{04}
scan keyword おむすびころりん,C8:96F7,75,A0,ち
scan keyword おむすびころりん,C8:96F7,76,F7,ゅ
scan keyword おむすびころりん,C8:96F7,77,03,{03}
scan keyword おむすびころりん,C8:96F7,78,80,ー
scan keyword おむすびころりん,C8:96F7,79,50, 
scan keyword おむすびころりん,C8:96F7,80,04,{04}
scan keyword おむすびころりん,C8:96F7,81,A0,ち
scan keyword おむすびころりん,C8:96F7,82,F7,ゅ
scan keyword おむすびころりん,C8:96F7,83,03,{03}
scan keyword おむすびころりん,C8:96F7,84,80,ー
scan keyword おむすびころりん,C8:96F7,85,5C,!
scan keyword おむすびころりん,C8:96F7,86,01,<NL>
scan keyword おむすびころりん,C8:96F7,87,50, 
scan keyword おむすびころりん,C8:96F7,88,94,お
scan keyword おむすびころりん,C8:96F7,89,B0,む
scan keyword おむすびころりん,C8:96F7,90,9C,す
scan keyword おむすびころりん,C8:96F7,91,DF,び
scan keyword おむすびころりん,C8:96F7,92,99,こ
scan keyword おむすびころりん,C8:96F7,93,BA,ろ
scan keyword おむすびころりん,C8:96F7,94,B7,り
scan keyword おむすびころりん,C8:96F7,95,BD,ん
scan keyword おむすびころりん,C8:96F7,96,50, 
scan keyword おむすびころりん,C8:96F7,97,9C,す
scan keyword おむすびころりん,C8:96F7,98,F5,っ
scan keyword おむすびころりん,C8:96F7,99,A3,と
scan keyword おむすびころりん,C8:96F7,100,BD,ん
scan keyword おむすびころりん,C8:96F7,101,A3,と
scan keyword おむすびころりん,C8:96F7,102,BD,ん
scan keyword おむすびころりん,C8:96F7,103,5C,!
scan keyword おむすびころりん,C8:96F7,104,7E,」
scan keyword おむすびころりん,C8:96F7,105,01,<NL>
scan keyword おむすびころりん,C8:96F7,106,00,<00>
scan keyword 入れません,C8:A84F,1,B0,む
scan keyword 入れません,C8:A84F,2,1890,水
scan keyword 入れません,C8:A84F,4,99,こ
scan keyword 入れません,C8:A84F,5,BA,ろ
scan keyword 入れません,C8:A84F,6,B7,り
scan keyword 入れません,C8:A84F,7,BD,ん
scan keyword 入れません,C8:A84F,8,A8,の
scan keyword 入れません,C8:A84F,9,19EB,穴
scan keyword 入れません,C8:A84F,11,A9,は
scan keyword 入れません,C8:A84F,12,01,<NL>
scan keyword 入れません,C8:A84F,13,50, 
scan keyword 入れません,C8:A84F,14,94,お
scan keyword 入れません,C8:A84F,15,B0,む
scan keyword 入れません,C8:A84F,16,9C,す
scan keyword 入れません,C8:A84F,17,DF,び
scan keyword 入れません,C8:A84F,18,BC,を
scan keyword 入れません,C8:A84F,19,50, 
scan keyword 入れません,C8:A84F,20,A4,な
scan keyword 入れません,C8:A84F,21,D3,げ
scan keyword 入れません,C8:A84F,22,99,こ
scan keyword 入れません,C8:A84F,23,AE,ま
scan keyword 入れません,C8:A84F,24,A4,な
scan keyword 入れません,C8:A84F,25,91,い
scan keyword 入れません,C8:A84F,26,A3,と
scan keyword 入れません,C8:A84F,27,01,<NL>
scan keyword 入れません,C8:A84F,28,50, 
scan keyword 入れません,C8:A84F,29,19D7,入
scan keyword 入れません,C8:A84F,31,B9,れ
scan keyword 入れません,C8:A84F,32,AE,ま
scan keyword 入れません,C8:A84F,33,9D,せ
scan keyword 入れません,C8:A84F,34,BD,ん
scan keyword 入れません,C8:A84F,35,B5,よ
scan keyword 入れません,C8:A84F,36,5C,!
scan keyword 入れません,C8:A84F,37,50, 
scan keyword 入れません,C8:A84F,38,02A0,桃太郎
scan keyword 入れません,C8:A84F,40,9A,さ
scan keyword 入れません,C8:A84F,41,BD,ん
scan keyword 入れません,C8:A84F,42,5C,!
scan keyword 入れません,C8:A84F,43,7E,」
scan keyword 入れません,C8:A84F,44,00,<00>
scan keyword 入れません,C8:A84E,1,1919,沼
scan keyword 入れません,C8:A84E,3,1950,杖
scan keyword 入れません,C8:A84E,5,B5,よ
scan keyword 入れません,C8:A84E,6,5B,?
scan keyword 入れません,C8:A84E,7,1995,職
scan keyword 入れません,C8:A84E,9,B7,り
scan keyword 入れません,C8:A84E,10,BD,ん
scan keyword 入れません,C8:A84E,11,A8,の
scan keyword 入れません,C8:A84E,12,19EB,穴
scan keyword 入れません,C8:A84E,14,A9,は
scan keyword 入れません,C8:A84E,15,01,<NL>
scan keyword 入れません,C8:A84E,16,50, 
scan keyword 入れません,C8:A84E,17,94,お
scan keyword 入れません,C8:A84E,18,B0,む
scan keyword 入れません,C8:A84E,19,9C,す
scan keyword 入れません,C8:A84E,20,DF,び
scan keyword 入れません,C8:A84E,21,BC,を
scan keyword 入れません,C8:A84E,22,50, 
scan keyword 入れません,C8:A84E,23,A4,な
scan keyword 入れません,C8:A84E,24,D3,げ
scan keyword 入れません,C8:A84E,25,99,こ
scan keyword 入れません,C8:A84E,26,AE,ま
scan keyword 入れません,C8:A84E,27,A4,な
scan keyword 入れません,C8:A84E,28,91,い
scan keyword 入れません,C8:A84E,29,A3,と
scan keyword 入れません,C8:A84E,30,01,<NL>
scan keyword 入れません,C8:A84E,31,50, 
scan keyword 入れません,C8:A84E,32,19D7,入
scan keyword 入れません,C8:A84E,34,B9,れ
scan keyword 入れません,C8:A84E,35,AE,ま
scan keyword 入れません,C8:A84E,36,9D,せ
scan keyword 入れません,C8:A84E,37,BD,ん
scan keyword 入れません,C8:A84E,38,B5,よ
scan keyword 入れません,C8:A84E,39,5C,!
scan keyword 入れません,C8:A84E,40,50, 
scan keyword 入れません,C8:A84E,41,02A0,桃太郎
scan keyword 入れません,C8:A84E,43,9A,さ
scan keyword 入れません,C8:A84E,44,BD,ん
scan keyword 入れません,C8:A84E,45,5C,!
scan keyword 入れません,C8:A84E,46,7E,」
scan keyword 入れません,C8:A84E,47,00,<00>
scan keyword 入れません,C8:A84D,1,50, 
scan keyword 入れません,C8:A84D,2,AE,ま
scan keyword 入れません,C8:A84D,3,C9,?
scan keyword 入れません,C8:A84D,4,7B,(
scan keyword 入れません,C8:A84D,5,90,あ
scan keyword 入れません,C8:A84D,6,99,こ
scan keyword 入れません,C8:A84D,7,BA,ろ
scan keyword 入れません,C8:A84D,8,B7,り
scan keyword 入れません,C8:A84D,9,BD,ん
scan keyword 入れません,C8:A84D,10,A8,の
scan keyword 入れません,C8:A84D,11,19EB,穴
scan keyword 入れません,C8:A84D,13,A9,は
scan keyword 入れません,C8:A84D,14,01,<NL>
scan keyword 入れません,C8:A84D,15,50, 
scan keyword 入れません,C8:A84D,16,94,お
scan keyword 入れません,C8:A84D,17,B0,む
scan keyword 入れません,C8:A84D,18,9C,す
scan keyword 入れません,C8:A84D,19,DF,び
scan keyword 入れません,C8:A84D,20,BC,を
scan keyword 入れません,C8:A84D,21,50, 
scan keyword 入れません,C8:A84D,22,A4,な
scan keyword 入れません,C8:A84D,23,D3,げ
scan keyword 入れません,C8:A84D,24,99,こ
scan keyword 入れません,C8:A84D,25,AE,ま
scan keyword 入れません,C8:A84D,26,A4,な
scan keyword 入れません,C8:A84D,27,91,い
scan keyword 入れません,C8:A84D,28,A3,と
scan keyword 入れません,C8:A84D,29,01,<NL>
scan keyword 入れません,C8:A84D,30,50, 
scan keyword 入れません,C8:A84D,31,19D7,入
scan keyword 入れません,C8:A84D,33,B9,れ
scan keyword 入れません,C8:A84D,34,AE,ま
scan keyword 入れません,C8:A84D,35,9D,せ
scan keyword 入れません,C8:A84D,36,BD,ん
scan keyword 入れません,C8:A84D,37,B5,よ
scan keyword 入れません,C8:A84D,38,5C,!
scan keyword 入れません,C8:A84D,39,50, 
scan keyword 入れません,C8:A84D,40,02A0,桃太郎
scan keyword 入れません,C8:A84D,42,9A,さ
scan keyword 入れません,C8:A84D,43,BD,ん
scan keyword 入れません,C8:A84D,44,5C,!
scan keyword 入れません,C8:A84D,45,7E,」
scan keyword 入れません,C8:A84D,46,00,<00>
scan keyword 鬼たいじ,C8:53A9,1,D9,ぞ
scan keyword 鬼たいじ,C8:53A9,2,5C,!
scan keyword 鬼たいじ,C8:53A9,3,01,<NL>
scan keyword 鬼たいじ,C8:53A9,4,50, 
scan keyword 鬼たいじ,C8:53A9,5,9E,そ
scan keyword 鬼たいじ,C8:53A9,6,BD,ん
scan keyword 鬼たいじ,C8:53A9,7,A4,な
scan keyword 鬼たいじ,C8:53A9,8,50, 
scan keyword 鬼たいじ,C8:53A9,9,AC,へ
scan keyword 鬼たいじ,C8:53A9,10,F5,っ
scan keyword 鬼たいじ,C8:53A9,11,E4,ぴ
scan keyword 鬼たいじ,C8:53A9,12,B7,り
scan keyword 鬼たいじ,C8:53A9,13,D4,ご
scan keyword 鬼たいじ,C8:53A9,14,9B,し
scan keyword 鬼たいじ,C8:53A9,15,BE,で
scan keyword 鬼たいじ,C8:53A9,16,50, 
scan keyword 鬼たいじ,C8:53A9,17,18DB,鬼
scan keyword 鬼たいじ,C8:53A9,19,9F,た
scan keyword 鬼たいじ,C8:53A9,20,91,い
scan keyword 鬼たいじ,C8:53A9,21,D6,じ
scan keyword 鬼たいじ,C8:53A9,22,A9,は
scan keyword 鬼たいじ,C8:53A9,23,01,<NL>
scan keyword 鬼たいじ,C8:53A9,24,50, 
scan keyword 鬼たいじ,C8:53A9,25,1A04,本
scan keyword 鬼たいじ,C8:53A9,27,1A30,当
scan keyword 鬼たいじ,C8:53A9,29,A5,に
scan keyword 鬼たいじ,C8:53A9,30,50, 
scan keyword 鬼たいじ,C8:53A9,31,DA,だ
scan keyword 鬼たいじ,C8:53A9,32,91,い
scan keyword 鬼たいじ,C8:53A9,33,D6,じ
scan keyword 鬼たいじ,C8:53A9,34,F8,ょ
scan keyword 鬼たいじ,C8:53A9,35,92,う
scan keyword 鬼たいじ,C8:53A9,36,E0,ぶ
scan keyword 鬼たいじ,C8:53A9,37,A4,な
scan keyword 鬼たいじ,C8:53A9,38,A8,の
scan keyword 鬼たいじ,C8:53A9,39,95,か
scan keyword 鬼たいじ,C8:53A9,40,5B,?
scan keyword 鬼たいじ,C8:53A9,41,7E,」
scan keyword 鬼たいじ,C8:53A9,42,01,<NL>
scan keyword 鬼たいじ,C8:53A9,43,7D,「
scan keyword 鬼たいじ,C8:53A9,44,9F,た
scan keyword 鬼たいじ,C8:53A9,45,A8,の
scan keyword 鬼たいじ,C8:53A9,46,B0,む
scan keyword 鬼たいじ,C8:53A9,47,5C,!
scan keyword 鬼たいじ,C8:53A9,48,50, 
scan keyword 鬼たいじ,C8:53A9,49,02A0,桃太郎
scan keyword 鬼たいじ,C8:53A9,51,9A,さ
scan keyword 鬼たいじ,C8:53A9,52,BD,ん
scan keyword 鬼たいじ,C8:53A9,53,5C,!
scan keyword 鬼たいじ,C8:53A9,54,01,<NL>
scan keyword 鬼たいじ,C8:53A9,55,50, 
scan keyword 鬼たいじ,C8:53A9,56,91,い
scan keyword 鬼たいじ,C8:53A9,57,AE,ま
scan keyword 鬼たいじ,C8:53A9,58,A8,の
scan keyword 鬼たいじ,C8:53A9,59,A9,は
scan keyword 鬼たいじ,C8:53A9,60,50, 
scan keyword 鬼たいじ,C8:53A9,61,18B0,見
scan keyword 鬼たいじ,C8:53A9,63,A4,な
scan keyword 鬼たいじ,C8:53A9,64,95,か
scan keyword 鬼たいじ,C8:53A9,65,F5,っ
scan keyword 鬼たいじ,C8:53A9,66,9F,た
scan keyword 鬼たいじ,C8:53A9,67,99,こ
scan keyword 鬼たいじ,C8:53A9,68,A3,と
scan keyword 鬼たいじ,C8:53A9,69,A5,に
scan keyword 鬼たいじ,C8:53A9,70,01,<NL>
scan keyword 鬼たいじ,C8:53A9,71,50, 
scan keyword 鬼たいじ,C8:53A9,72,9B,し
scan keyword 鬼たいじ,C8:53A9,73,A2,て
scan keyword 鬼たいじ,C8:53A9,74,94,お
scan keyword 鬼たいじ,C8:53A9,75,97,く
scan keyword 鬼たいじ,C8:53A9,76,95,か
scan keyword 鬼たいじ,C8:53A9,77,B6,ら
scan keyword 鬼たいじ,C8:53A9,78,B5,よ
scan keyword 鬼たいじ,C8:53A9,79,5C,!
scan keyword 鬼たいじ,C8:53A9,80,7E,」
scan keyword 鬼たいじ,C8:53A9,81,01,<NL>
scan keyword 鬼たいじ,C8:53A9,82,7D,「
scan keyword 鬼たいじ,C8:53A9,83,99,こ
scan keyword 鬼たいじ,C8:53A9,84,B9,れ
scan keyword 鬼たいじ,C8:53A9,85,A5,に
scan keyword 鬼たいじ,C8:53A9,86,50, 
scan keyword 鬼たいじ,C8:53A9,87,99,こ
scan keyword 鬼たいじ,C8:53A9,88,B7,り
scan keyword 鬼たいじ,C8:53A9,89,D7,ず
scan keyword 鬼たいじ,C8:53A9,90,A5,に
scan keyword 鬼たいじ,C8:53A9,91,01,<NL>
scan keyword 鬼たいじ,C8:53A9,92,50, 
scan keyword 鬼たいじ,C8:53A9,93,AE,ま
scan keyword 鬼たいじ,C8:53A9,94,9F,た
scan keyword 鬼たいじ,C8:53A9,95,50, 
scan keyword 鬼たいじ,C8:53A9,96,96,き
scan keyword 鬼たいじ,C8:53A9,97,A2,て
scan keyword 鬼たいじ,C8:53A9,98,97,く
scan keyword 鬼たいじ,C8:53A9,99,B9,れ
scan keyword 鬼たいじ,C8:53A9,100,5C,!
scan keyword 鬼たいじ,C8:53A9,101,50, 
scan keyword 鬼たいじ,C8:53A9,102,AE,ま
scan keyword 鬼たいじ,C8:53A9,103,F5,っ
scan keyword 鬼たいじ,C8:53A9,104,A2,て
scan keyword 鬼たいじ,C8:53A9,105,B8,る
scan keyword 鬼たいじ,C8:53A9,106,D8,ぜ
scan keyword 鬼たいじ,C8:53A9,107,5C,!
scan keyword 鬼たいじ,C8:53A9,108,7E,」
scan keyword 鬼たいじ,C8:53A9,109,01,<NL>
scan keyword 鬼たいじ,C8:53A9,110,00,<00>
scan keyword 鬼たいじ,C8:53A8,1,A4,な
scan keyword 鬼たいじ,C8:53A8,2,A4,な
scan keyword 鬼たいじ,C8:53A8,3,A2,て
scan keyword 鬼たいじ,C8:53A8,4,01,<NL>
scan keyword 鬼たいじ,C8:53A8,5,01,<NL>
scan keyword 鬼たいじ,C8:53A8,6,50, 
scan keyword 鬼たいじ,C8:53A8,7,9E,そ
scan keyword 鬼たいじ,C8:53A8,8,BD,ん
scan keyword 鬼たいじ,C8:53A8,9,A4,な
scan keyword 鬼たいじ,C8:53A8,10,50, 
scan keyword 鬼たいじ,C8:53A8,11,AC,へ
scan keyword 鬼たいじ,C8:53A8,12,F5,っ
scan keyword 鬼たいじ,C8:53A8,13,E4,ぴ
scan keyword 鬼たいじ,C8:53A8,14,B7,り
scan keyword 鬼たいじ,C8:53A8,15,D4,ご
scan keyword 鬼たいじ,C8:53A8,16,9B,し
scan keyword 鬼たいじ,C8:53A8,17,BE,で
scan keyword 鬼たいじ,C8:53A8,18,50, 
scan keyword 鬼たいじ,C8:53A8,19,18DB,鬼
scan keyword 鬼たいじ,C8:53A8,21,9F,た
scan keyword 鬼たいじ,C8:53A8,22,91,い
scan keyword 鬼たいじ,C8:53A8,23,D6,じ
scan keyword 鬼たいじ,C8:53A8,24,A9,は
scan keyword 鬼たいじ,C8:53A8,25,01,<NL>
scan keyword 鬼たいじ,C8:53A8,26,50, 
scan keyword 鬼たいじ,C8:53A8,27,1A04,本
scan keyword 鬼たいじ,C8:53A8,29,1A30,当
scan keyword 鬼たいじ,C8:53A8,31,A5,に
scan keyword 鬼たいじ,C8:53A8,32,50, 
scan keyword 鬼たいじ,C8:53A8,33,DA,だ
scan keyword 鬼たいじ,C8:53A8,34,91,い
scan keyword 鬼たいじ,C8:53A8,35,D6,じ
scan keyword 鬼たいじ,C8:53A8,36,F8,ょ
scan keyword 鬼たいじ,C8:53A8,37,92,う
scan keyword 鬼たいじ,C8:53A8,38,E0,ぶ
scan keyword 鬼たいじ,C8:53A8,39,A4,な
scan keyword 鬼たいじ,C8:53A8,40,A8,の
scan keyword 鬼たいじ,C8:53A8,41,95,か
scan keyword 鬼たいじ,C8:53A8,42,5B,?
scan keyword 鬼たいじ,C8:53A8,43,7E,」
scan keyword 鬼たいじ,C8:53A8,44,01,<NL>
scan keyword 鬼たいじ,C8:53A8,45,7D,「
scan keyword 鬼たいじ,C8:53A8,46,9F,た
scan keyword 鬼たいじ,C8:53A8,47,A8,の
scan keyword 鬼たいじ,C8:53A8,48,B0,む
scan keyword 鬼たいじ,C8:53A8,49,5C,!
scan keyword 鬼たいじ,C8:53A8,50,50, 
scan keyword 鬼たいじ,C8:53A8,51,02A0,桃太郎
scan keyword 鬼たいじ,C8:53A8,53,9A,さ
scan keyword 鬼たいじ,C8:53A8,54,BD,ん
scan keyword 鬼たいじ,C8:53A8,55,5C,!
scan keyword 鬼たいじ,C8:53A8,56,01,<NL>
scan keyword 鬼たいじ,C8:53A8,57,50, 
scan keyword 鬼たいじ,C8:53A8,58,91,い
scan keyword 鬼たいじ,C8:53A8,59,AE,ま
scan keyword 鬼たいじ,C8:53A8,60,A8,の
scan keyword 鬼たいじ,C8:53A8,61,A9,は
scan keyword 鬼たいじ,C8:53A8,62,50, 
scan keyword 鬼たいじ,C8:53A8,63,18B0,見
scan keyword 鬼たいじ,C8:53A8,65,A4,な
scan keyword 鬼たいじ,C8:53A8,66,95,か
scan keyword 鬼たいじ,C8:53A8,67,F5,っ
scan keyword 鬼たいじ,C8:53A8,68,9F,た
scan keyword 鬼たいじ,C8:53A8,69,99,こ
scan keyword 鬼たいじ,C8:53A8,70,A3,と
scan keyword 鬼たいじ,C8:53A8,71,A5,に
scan keyword 鬼たいじ,C8:53A8,72,01,<NL>
scan keyword 鬼たいじ,C8:53A8,73,50, 
scan keyword 鬼たいじ,C8:53A8,74,9B,し
scan keyword 鬼たいじ,C8:53A8,75,A2,て
scan keyword 鬼たいじ,C8:53A8,76,94,お
scan keyword 鬼たいじ,C8:53A8,77,97,く
scan keyword 鬼たいじ,C8:53A8,78,95,か
scan keyword 鬼たいじ,C8:53A8,79,B6,ら
scan keyword 鬼たいじ,C8:53A8,80,B5,よ
scan keyword 鬼たいじ,C8:53A8,81,5C,!
scan keyword 鬼たいじ,C8:53A8,82,7E,」
scan keyword 鬼たいじ,C8:53A8,83,01,<NL>
scan keyword 鬼たいじ,C8:53A8,84,7D,「
scan keyword 鬼たいじ,C8:53A8,85,99,こ
scan keyword 鬼たいじ,C8:53A8,86,B9,れ
scan keyword 鬼たいじ,C8:53A8,87,A5,に
scan keyword 鬼たいじ,C8:53A8,88,50, 
scan keyword 鬼たいじ,C8:53A8,89,99,こ
scan keyword 鬼たいじ,C8:53A8,90,B7,り
scan keyword 鬼たいじ,C8:53A8,91,D7,ず
scan keyword 鬼たいじ,C8:53A8,92,A5,に
scan keyword 鬼たいじ,C8:53A8,93,01,<NL>
scan keyword 鬼たいじ,C8:53A8,94,50, 
scan keyword 鬼たいじ,C8:53A8,95,AE,ま
scan keyword 鬼たいじ,C8:53A8,96,9F,た
scan keyword 鬼たいじ,C8:53A8,97,50, 
scan keyword 鬼たいじ,C8:53A8,98,96,き
scan keyword 鬼たいじ,C8:53A8,99,A2,て
scan keyword 鬼たいじ,C8:53A8,100,97,く
scan keyword 鬼たいじ,C8:53A8,101,B9,れ
scan keyword 鬼たいじ,C8:53A8,102,5C,!
scan keyword 鬼たいじ,C8:53A8,103,50, 
scan keyword 鬼たいじ,C8:53A8,104,AE,ま
scan keyword 鬼たいじ,C8:53A8,105,F5,っ
scan keyword 鬼たいじ,C8:53A8,106,A2,て
scan keyword 鬼たいじ,C8:53A8,107,B8,る
scan keyword 鬼たいじ,C8:53A8,108,D8,ぜ
scan keyword 鬼たいじ,C8:53A8,109,5C,!
scan keyword 鬼たいじ,C8:53A8,110,7E,」
scan keyword 鬼たいじ,C8:53A8,111,01,<NL>
scan keyword 鬼たいじ,C8:53A8,112,00,<00>
scan keyword 鬼たいじ,C8:53AA,1,0250,{0250}
scan keyword 鬼たいじ,C8:53AA,3,50, 
scan keyword 鬼たいじ,C8:53AA,4,9E,そ
scan keyword 鬼たいじ,C8:53AA,5,BD,ん
scan keyword 鬼たいじ,C8:53AA,6,A4,な
scan keyword 鬼たいじ,C8:53AA,7,50, 
scan keyword 鬼たいじ,C8:53AA,8,AC,へ
scan keyword 鬼たいじ,C8:53AA,9,F5,っ
scan keyword 鬼たいじ,C8:53AA,10,E4,ぴ
scan keyword 鬼たいじ,C8:53AA,11,B7,り
scan keyword 鬼たいじ,C8:53AA,12,D4,ご
scan keyword 鬼たいじ,C8:53AA,13,9B,し
scan keyword 鬼たいじ,C8:53AA,14,BE,で
scan keyword 鬼たいじ,C8:53AA,15,50, 
scan keyword 鬼たいじ,C8:53AA,16,18DB,鬼
scan keyword 鬼たいじ,C8:53AA,18,9F,た
scan keyword 鬼たいじ,C8:53AA,19,91,い
scan keyword 鬼たいじ,C8:53AA,20,D6,じ
scan keyword 鬼たいじ,C8:53AA,21,A9,は
scan keyword 鬼たいじ,C8:53AA,22,01,<NL>
scan keyword 鬼たいじ,C8:53AA,23,50, 
scan keyword 鬼たいじ,C8:53AA,24,1A04,本
scan keyword 鬼たいじ,C8:53AA,26,1A30,当
scan keyword 鬼たいじ,C8:53AA,28,A5,に
scan keyword 鬼たいじ,C8:53AA,29,50, 
scan keyword 鬼たいじ,C8:53AA,30,DA,だ
scan keyword 鬼たいじ,C8:53AA,31,91,い
scan keyword 鬼たいじ,C8:53AA,32,D6,じ
scan keyword 鬼たいじ,C8:53AA,33,F8,ょ
scan keyword 鬼たいじ,C8:53AA,34,92,う
scan keyword 鬼たいじ,C8:53AA,35,E0,ぶ
scan keyword 鬼たいじ,C8:53AA,36,A4,な
scan keyword 鬼たいじ,C8:53AA,37,A8,の
scan keyword 鬼たいじ,C8:53AA,38,95,か
scan keyword 鬼たいじ,C8:53AA,39,5B,?
scan keyword 鬼たいじ,C8:53AA,40,7E,」
scan keyword 鬼たいじ,C8:53AA,41,01,<NL>
scan keyword 鬼たいじ,C8:53AA,42,7D,「
scan keyword 鬼たいじ,C8:53AA,43,9F,た
scan keyword 鬼たいじ,C8:53AA,44,A8,の
scan keyword 鬼たいじ,C8:53AA,45,B0,む
scan keyword 鬼たいじ,C8:53AA,46,5C,!
scan keyword 鬼たいじ,C8:53AA,47,50, 
scan keyword 鬼たいじ,C8:53AA,48,02A0,桃太郎
scan keyword 鬼たいじ,C8:53AA,50,9A,さ
scan keyword 鬼たいじ,C8:53AA,51,BD,ん
scan keyword 鬼たいじ,C8:53AA,52,5C,!
scan keyword 鬼たいじ,C8:53AA,53,01,<NL>
scan keyword 鬼たいじ,C8:53AA,54,50, 
scan keyword 鬼たいじ,C8:53AA,55,91,い
scan keyword 鬼たいじ,C8:53AA,56,AE,ま
scan keyword 鬼たいじ,C8:53AA,57,A8,の
scan keyword 鬼たいじ,C8:53AA,58,A9,は
scan keyword 鬼たいじ,C8:53AA,59,50, 
scan keyword 鬼たいじ,C8:53AA,60,18B0,見
scan keyword 鬼たいじ,C8:53AA,62,A4,な
scan keyword 鬼たいじ,C8:53AA,63,95,か
scan keyword 鬼たいじ,C8:53AA,64,F5,っ
scan keyword 鬼たいじ,C8:53AA,65,9F,た
scan keyword 鬼たいじ,C8:53AA,66,99,こ
scan keyword 鬼たいじ,C8:53AA,67,A3,と
scan keyword 鬼たいじ,C8:53AA,68,A5,に
scan keyword 鬼たいじ,C8:53AA,69,01,<NL>
scan keyword 鬼たいじ,C8:53AA,70,50, 
scan keyword 鬼たいじ,C8:53AA,71,9B,し
scan keyword 鬼たいじ,C8:53AA,72,A2,て
scan keyword 鬼たいじ,C8:53AA,73,94,お
scan keyword 鬼たいじ,C8:53AA,74,97,く
scan keyword 鬼たいじ,C8:53AA,75,95,か
scan keyword 鬼たいじ,C8:53AA,76,B6,ら
scan keyword 鬼たいじ,C8:53AA,77,B5,よ
scan keyword 鬼たいじ,C8:53AA,78,5C,!
scan keyword 鬼たいじ,C8:53AA,79,7E,」
scan keyword 鬼たいじ,C8:53AA,80,01,<NL>
scan keyword 鬼たいじ,C8:53AA,81,7D,「
scan keyword 鬼たいじ,C8:53AA,82,99,こ
scan keyword 鬼たいじ,C8:53AA,83,B9,れ
scan keyword 鬼たいじ,C8:53AA,84,A5,に
scan keyword 鬼たいじ,C8:53AA,85,50, 
scan keyword 鬼たいじ,C8:53AA,86,99,こ
scan keyword 鬼たいじ,C8:53AA,87,B7,り
scan keyword 鬼たいじ,C8:53AA,88,D7,ず
scan keyword 鬼たいじ,C8:53AA,89,A5,に
scan keyword 鬼たいじ,C8:53AA,90,01,<NL>
scan keyword 鬼たいじ,C8:53AA,91,50, 
scan keyword 鬼たいじ,C8:53AA,92,AE,ま
scan keyword 鬼たいじ,C8:53AA,93,9F,た
scan keyword 鬼たいじ,C8:53AA,94,50, 
scan keyword 鬼たいじ,C8:53AA,95,96,き
scan keyword 鬼たいじ,C8:53AA,96,A2,て
scan keyword 鬼たいじ,C8:53AA,97,97,く
scan keyword 鬼たいじ,C8:53AA,98,B9,れ
scan keyword 鬼たいじ,C8:53AA,99,5C,!
scan keyword 鬼たいじ,C8:53AA,100,50, 
scan keyword 鬼たいじ,C8:53AA,101,AE,ま
scan keyword 鬼たいじ,C8:53AA,102,F5,っ
scan keyword 鬼たいじ,C8:53AA,103,A2,て
scan keyword 鬼たいじ,C8:53AA,104,B8,る
scan keyword 鬼たいじ,C8:53AA,105,D8,ぜ
scan keyword 鬼たいじ,C8:53AA,106,5C,!
scan keyword 鬼たいじ,C8:53AA,107,7E,」
scan keyword 鬼たいじ,C8:53AA,108,01,<NL>
scan keyword 鬼たいじ,C8:53AA,109,00,<00>
scan keyword 無理,C8:A8BB,1,1A1C,戦
scan keyword 無理,C8:A8BB,3,D6,じ
scan keyword 無理,C8:A8BB,4,A5,に
scan keyword 無理,C8:A8BB,5,50, 
scan keyword 無理,C8:A8BB,6,19BF,行
scan keyword 無理,C8:A8BB,8,97,く
scan keyword 無理,C8:A8BB,9,A8,の
scan keyword 無理,C8:A8BB,10,95,か
scan keyword 無理,C8:A8BB,11,5B,?
scan keyword 無理,C8:A8BB,12,01,<NL>
scan keyword 無理,C8:A8BB,13,50, 
scan keyword 無理,C8:A8BB,14,18F2,無
scan keyword 無理,C8:A8BB,16,1A31,理
scan keyword 無理,C8:A8BB,18,BC,を
scan keyword 無理,C8:A8BB,19,50, 
scan keyword 無理,C8:A8BB,20,9C,す
scan keyword 無理,C8:A8BB,21,B8,る
scan keyword 無理,C8:A8BB,22,A4,な
scan keyword 無理,C8:A8BB,23,50, 
scan keyword 無理,C8:A8BB,24,A3,と
scan keyword 無理,C8:A8BB,25,1A1A,言
scan keyword 無理,C8:A8BB,27,F5,っ
scan keyword 無理,C8:A8BB,28,A2,て
scan keyword 無理,C8:A8BB,29,B2,も
scan keyword 無理,C8:A8BB,30,01,<NL>
scan keyword 無理,C8:A8BB,31,50, 
scan keyword 無理,C8:A8BB,32,02A0,桃太郎
scan keyword 無理,C8:A8BB,34,A8,の
scan keyword 無理,C8:A8BB,35,99,こ
scan keyword 無理,C8:A8BB,36,A3,と
scan keyword 無理,C8:A8BB,37,D6,じ
scan keyword 無理,C8:A8BB,38,F6,ゃ
scan keyword 無理,C8:A8BB,39,50, 
scan keyword 無理,C8:A8BB,40,B0,む
scan keyword 無理,C8:A8BB,41,DA,だ
scan keyword 無理,C8:A8BB,42,D6,じ
scan keyword 無理,C8:A8BB,43,F6,ゃ
scan keyword 無理,C8:A8BB,44,BA,ろ
scan keyword 無理,C8:A8BB,45,A4,な
scan keyword 無理,C8:A8BB,46,5F,…
scan keyword 無理,C8:A8BB,47,7E,」
scan keyword 無理,C8:A8BB,48,00,<00>
scan keyword 無理,C8:A8BA,1,18DB,鬼
scan keyword 無理,C8:A8BA,3,9F,た
scan keyword 無理,C8:A8BA,4,91,い
scan keyword 無理,C8:A8BA,5,D6,じ
scan keyword 無理,C8:A8BA,6,A5,に
scan keyword 無理,C8:A8BA,7,50, 
scan keyword 無理,C8:A8BA,8,19BF,行
scan keyword 無理,C8:A8BA,10,97,く
scan keyword 無理,C8:A8BA,11,A8,の
scan keyword 無理,C8:A8BA,12,95,か
scan keyword 無理,C8:A8BA,13,5B,?
scan keyword 無理,C8:A8BA,14,01,<NL>
scan keyword 無理,C8:A8BA,15,50, 
scan keyword 無理,C8:A8BA,16,18F2,無
scan keyword 無理,C8:A8BA,18,1A31,理
scan keyword 無理,C8:A8BA,20,BC,を
scan keyword 無理,C8:A8BA,21,50, 
scan keyword 無理,C8:A8BA,22,9C,す
scan keyword 無理,C8:A8BA,23,B8,る
scan keyword 無理,C8:A8BA,24,A4,な
scan keyword 無理,C8:A8BA,25,50, 
scan keyword 無理,C8:A8BA,26,A3,と
scan keyword 無理,C8:A8BA,27,1A1A,言
scan keyword 無理,C8:A8BA,29,F5,っ
scan keyword 無理,C8:A8BA,30,A2,て
scan keyword 無理,C8:A8BA,31,B2,も
scan keyword 無理,C8:A8BA,32,01,<NL>
scan keyword 無理,C8:A8BA,33,50, 
scan keyword 無理,C8:A8BA,34,02A0,桃太郎
scan keyword 無理,C8:A8BA,36,A8,の
scan keyword 無理,C8:A8BA,37,99,こ
scan keyword 無理,C8:A8BA,38,A3,と
scan keyword 無理,C8:A8BA,39,D6,じ
scan keyword 無理,C8:A8BA,40,F6,ゃ
scan keyword 無理,C8:A8BA,41,50, 
scan keyword 無理,C8:A8BA,42,B0,む
scan keyword 無理,C8:A8BA,43,DA,だ
scan keyword 無理,C8:A8BA,44,D6,じ
scan keyword 無理,C8:A8BA,45,F6,ゃ
scan keyword 無理,C8:A8BA,46,BA,ろ
scan keyword 無理,C8:A8BA,47,A4,な
scan keyword 無理,C8:A8BA,48,5F,…
scan keyword 無理,C8:A8BA,49,7E,」
scan keyword 無理,C8:A8BA,50,00,<00>
scan keyword 無理,C8:A8BC,1,04,{04}
scan keyword 無理,C8:A8BC,2,94,お
scan keyword 無理,C8:A8BC,3,9B,し
scan keyword 無理,C8:A8BC,4,BE,で
scan keyword 無理,C8:A8BC,5,19BF,行
scan keyword 無理,C8:A8BC,7,97,く
scan keyword 無理,C8:A8BC,8,A8,の
scan keyword 無理,C8:A8BC,9,95,か
scan keyword 無理,C8:A8BC,10,5B,?
scan keyword 無理,C8:A8BC,11,01,<NL>
scan keyword 無理,C8:A8BC,12,50, 
scan keyword 無理,C8:A8BC,13,18F2,無
scan keyword 無理,C8:A8BC,15,1A31,理
scan keyword 無理,C8:A8BC,17,BC,を
scan keyword 無理,C8:A8BC,18,50, 
scan keyword 無理,C8:A8BC,19,9C,す
scan keyword 無理,C8:A8BC,20,B8,る
scan keyword 無理,C8:A8BC,21,A4,な
scan keyword 無理,C8:A8BC,22,50, 
scan keyword 無理,C8:A8BC,23,A3,と
scan keyword 無理,C8:A8BC,24,1A1A,言
scan keyword 無理,C8:A8BC,26,F5,っ
scan keyword 無理,C8:A8BC,27,A2,て
scan keyword 無理,C8:A8BC,28,B2,も
scan keyword 無理,C8:A8BC,29,01,<NL>
scan keyword 無理,C8:A8BC,30,50, 
scan keyword 無理,C8:A8BC,31,02A0,桃太郎
scan keyword 無理,C8:A8BC,33,A8,の
scan keyword 無理,C8:A8BC,34,99,こ
scan keyword 無理,C8:A8BC,35,A3,と
scan keyword 無理,C8:A8BC,36,D6,じ
scan keyword 無理,C8:A8BC,37,F6,ゃ
scan keyword 無理,C8:A8BC,38,50, 
scan keyword 無理,C8:A8BC,39,B0,む
scan keyword 無理,C8:A8BC,40,DA,だ
scan keyword 無理,C8:A8BC,41,D6,じ
scan keyword 無理,C8:A8BC,42,F6,ゃ
scan keyword 無理,C8:A8BC,43,BA,ろ
scan keyword 無理,C8:A8BC,44,A4,な
scan keyword 無理,C8:A8BC,45,5F,…
scan keyword 無理,C8:A8BC,46,7E,」
scan keyword 無理,C8:A8BC,47,00,<00>
scan keyword 桃太郎さん,C8:524C,1,50, 
scan keyword 桃太郎さん,C8:524C,2,5C,!
scan keyword 桃太郎さん,C8:524C,3,B5,よ
scan keyword 桃太郎さん,C8:524C,4,AE,ま
scan keyword 桃太郎さん,C8:524C,5,AF,み
scan keyword 桃太郎さん,C8:524C,6,80,ー
scan keyword 桃太郎さん,C8:524C,7,96,き
scan keyword 桃太郎さん,C8:524C,8,DA,だ
scan keyword 桃太郎さん,C8:524C,9,A4,な
scan keyword 桃太郎さん,C8:524C,10,5C,!
scan keyword 桃太郎さん,C8:524C,11,01,<NL>
scan keyword 桃太郎さん,C8:524C,12,50, 
scan keyword 桃太郎さん,C8:524C,13,1891,文
scan keyword 桃太郎さん,C8:524C,15,1A47,武
scan keyword 桃太郎さん,C8:524C,17,1819,両
scan keyword 桃太郎さん,C8:524C,19,181C,道
scan keyword 桃太郎さん,C8:524C,21,A5,に
scan keyword 桃太郎さん,C8:524C,22,50, 
scan keyword 桃太郎さん,C8:524C,23,9C,す
scan keyword 桃太郎さん,C8:524C,24,D2,ぐ
scan keyword 桃太郎さん,C8:524C,25,B9,れ
scan keyword 桃太郎さん,C8:524C,26,9F,た
scan keyword 桃太郎さん,C8:524C,27,01,<NL>
scan keyword 桃太郎さん,C8:524C,28,50, 
scan keyword 桃太郎さん,C8:524C,29,02A0,桃太郎
scan keyword 桃太郎さん,C8:524C,31,9A,さ
scan keyword 桃太郎さん,C8:524C,32,BD,ん
scan keyword 桃太郎さん,C8:524C,33,DA,だ
scan keyword 桃太郎さん,C8:524C,34,98,け
scan keyword 桃太郎さん,C8:524C,35,A8,の
scan keyword 桃太郎さん,C8:524C,36,50, 
scan keyword 桃太郎さん,C8:524C,37,99,こ
scan keyword 桃太郎さん,C8:524C,38,A3,と
scan keyword 桃太郎さん,C8:524C,39,A9,は
scan keyword 桃太郎さん,C8:524C,40,90,あ
scan keyword 桃太郎さん,C8:524C,41,B8,る
scan keyword 桃太郎さん,C8:524C,42,5C,!
scan keyword 桃太郎さん,C8:524C,43,7E,」
scan keyword 桃太郎さん,C8:524C,44,01,<NL>
scan keyword 桃太郎さん,C8:524C,45,7D,「
scan keyword 桃太郎さん,C8:524C,46,99,こ
scan keyword 桃太郎さん,C8:524C,47,B9,れ
scan keyword 桃太郎さん,C8:524C,48,A5,に
scan keyword 桃太郎さん,C8:524C,49,50, 
scan keyword 桃太郎さん,C8:524C,50,99,こ
scan keyword 桃太郎さん,C8:524C,51,B7,り
scan keyword 桃太郎さん,C8:524C,52,D7,ず
scan keyword 桃太郎さん,C8:524C,53,A5,に
scan keyword 桃太郎さん,C8:524C,54,01,<NL>
scan keyword 桃太郎さん,C8:524C,55,50, 
scan keyword 桃太郎さん,C8:524C,56,AE,ま
scan keyword 桃太郎さん,C8:524C,57,9F,た
scan keyword 桃太郎さん,C8:524C,58,50, 
scan keyword 桃太郎さん,C8:524C,59,96,き
scan keyword 桃太郎さん,C8:524C,60,A2,て
scan keyword 桃太郎さん,C8:524C,61,97,く
scan keyword 桃太郎さん,C8:524C,62,B9,れ
scan keyword 桃太郎さん,C8:524C,63,5C,!
scan keyword 桃太郎さん,C8:524C,64,50, 
scan keyword 桃太郎さん,C8:524C,65,AE,ま
scan keyword 桃太郎さん,C8:524C,66,F5,っ
scan keyword 桃太郎さん,C8:524C,67,A2,て
scan keyword 桃太郎さん,C8:524C,68,B8,る
scan keyword 桃太郎さん,C8:524C,69,D8,ぜ
scan keyword 桃太郎さん,C8:524C,70,5C,!
scan keyword 桃太郎さん,C8:524C,71,7E,」
scan keyword 桃太郎さん,C8:524C,72,01,<NL>
scan keyword 桃太郎さん,C8:524C,73,00,<00>
scan keyword 桃太郎さん,C8:524A,1,C9,?
scan keyword 桃太郎さん,C8:524A,2,9A,さ
scan keyword 桃太郎さん,C8:524A,3,A8,の
scan keyword 桃太郎さん,C8:524A,4,50, 
scan keyword 桃太郎さん,C8:524A,5,96,き
scan keyword 桃太郎さん,C8:524A,6,94,お
scan keyword 桃太郎さん,C8:524A,7,97,く
scan keyword 桃太郎さん,C8:524A,8,1816,力
scan keyword 桃太郎さん,C8:524A,10,DA,だ
scan keyword 桃太郎さん,C8:524A,11,A4,な
scan keyword 桃太郎さん,C8:524A,12,5C,!
scan keyword 桃太郎さん,C8:524A,13,01,<NL>
scan keyword 桃太郎さん,C8:524A,14,50, 
scan keyword 桃太郎さん,C8:524A,15,1891,文
scan keyword 桃太郎さん,C8:524A,17,1A47,武
scan keyword 桃太郎さん,C8:524A,19,1819,両
scan keyword 桃太郎さん,C8:524A,21,181C,道
scan keyword 桃太郎さん,C8:524A,23,A5,に
scan keyword 桃太郎さん,C8:524A,24,50, 
scan keyword 桃太郎さん,C8:524A,25,9C,す
scan keyword 桃太郎さん,C8:524A,26,D2,ぐ
scan keyword 桃太郎さん,C8:524A,27,B9,れ
scan keyword 桃太郎さん,C8:524A,28,9F,た
scan keyword 桃太郎さん,C8:524A,29,01,<NL>
scan keyword 桃太郎さん,C8:524A,30,50, 
scan keyword 桃太郎さん,C8:524A,31,02A0,桃太郎
scan keyword 桃太郎さん,C8:524A,33,9A,さ
scan keyword 桃太郎さん,C8:524A,34,BD,ん
scan keyword 桃太郎さん,C8:524A,35,DA,だ
scan keyword 桃太郎さん,C8:524A,36,98,け
scan keyword 桃太郎さん,C8:524A,37,A8,の
scan keyword 桃太郎さん,C8:524A,38,50, 
scan keyword 桃太郎さん,C8:524A,39,99,こ
scan keyword 桃太郎さん,C8:524A,40,A3,と
scan keyword 桃太郎さん,C8:524A,41,A9,は
scan keyword 桃太郎さん,C8:524A,42,90,あ
scan keyword 桃太郎さん,C8:524A,43,B8,る
scan keyword 桃太郎さん,C8:524A,44,5C,!
scan keyword 桃太郎さん,C8:524A,45,7E,」
scan keyword 桃太郎さん,C8:524A,46,01,<NL>
scan keyword 桃太郎さん,C8:524A,47,7D,「
scan keyword 桃太郎さん,C8:524A,48,99,こ
scan keyword 桃太郎さん,C8:524A,49,B9,れ
scan keyword 桃太郎さん,C8:524A,50,A5,に
scan keyword 桃太郎さん,C8:524A,51,50, 
scan keyword 桃太郎さん,C8:524A,52,99,こ
scan keyword 桃太郎さん,C8:524A,53,B7,り
scan keyword 桃太郎さん,C8:524A,54,D7,ず
scan keyword 桃太郎さん,C8:524A,55,A5,に
scan keyword 桃太郎さん,C8:524A,56,01,<NL>
scan keyword 桃太郎さん,C8:524A,57,50, 
scan keyword 桃太郎さん,C8:524A,58,AE,ま
scan keyword 桃太郎さん,C8:524A,59,9F,た
scan keyword 桃太郎さん,C8:524A,60,50, 
scan keyword 桃太郎さん,C8:524A,61,96,き
scan keyword 桃太郎さん,C8:524A,62,A2,て
scan keyword 桃太郎さん,C8:524A,63,97,く
scan keyword 桃太郎さん,C8:524A,64,B9,れ
scan keyword 桃太郎さん,C8:524A,65,5C,!
scan keyword 桃太郎さん,C8:524A,66,50, 
scan keyword 桃太郎さん,C8:524A,67,AE,ま
scan keyword 桃太郎さん,C8:524A,68,F5,っ
scan keyword 桃太郎さん,C8:524A,69,A2,て
scan keyword 桃太郎さん,C8:524A,70,B8,る
scan keyword 桃太郎さん,C8:524A,71,D8,ぜ
scan keyword 桃太郎さん,C8:524A,72,5C,!
scan keyword 桃太郎さん,C8:524A,73,7E,」
scan keyword 桃太郎さん,C8:524A,74,01,<NL>
scan keyword 桃太郎さん,C8:524A,75,00,<00>
scan keyword 桃太郎さん,C8:524B,1,9F,た
scan keyword 桃太郎さん,C8:524B,2,5C,!
scan keyword 桃太郎さん,C8:524B,3,5C,!
scan keyword 桃太郎さん,C8:524B,4,B5,よ
scan keyword 桃太郎さん,C8:524B,5,AE,ま
scan keyword 桃太郎さん,C8:524B,6,AF,み
scan keyword 桃太郎さん,C8:524B,7,80,ー
scan keyword 桃太郎さん,C8:524B,8,96,き
scan keyword 桃太郎さん,C8:524B,9,DA,だ
scan keyword 桃太郎さん,C8:524B,10,A4,な
scan keyword 桃太郎さん,C8:524B,11,5C,!
scan keyword 桃太郎さん,C8:524B,12,01,<NL>
scan keyword 桃太郎さん,C8:524B,13,50, 
scan keyword 桃太郎さん,C8:524B,14,1891,文
scan keyword 桃太郎さん,C8:524B,16,1A47,武
scan keyword 桃太郎さん,C8:524B,18,1819,両
scan keyword 桃太郎さん,C8:524B,20,181C,道
scan keyword 桃太郎さん,C8:524B,22,A5,に
scan keyword 桃太郎さん,C8:524B,23,50, 
scan keyword 桃太郎さん,C8:524B,24,9C,す
scan keyword 桃太郎さん,C8:524B,25,D2,ぐ
scan keyword 桃太郎さん,C8:524B,26,B9,れ
scan keyword 桃太郎さん,C8:524B,27,9F,た
scan keyword 桃太郎さん,C8:524B,28,01,<NL>
scan keyword 桃太郎さん,C8:524B,29,50, 
scan keyword 桃太郎さん,C8:524B,30,02A0,桃太郎
scan keyword 桃太郎さん,C8:524B,32,9A,さ
scan keyword 桃太郎さん,C8:524B,33,BD,ん
scan keyword 桃太郎さん,C8:524B,34,DA,だ
scan keyword 桃太郎さん,C8:524B,35,98,け
scan keyword 桃太郎さん,C8:524B,36,A8,の
scan keyword 桃太郎さん,C8:524B,37,50, 
scan keyword 桃太郎さん,C8:524B,38,99,こ
scan keyword 桃太郎さん,C8:524B,39,A3,と
scan keyword 桃太郎さん,C8:524B,40,A9,は
scan keyword 桃太郎さん,C8:524B,41,90,あ
scan keyword 桃太郎さん,C8:524B,42,B8,る
scan keyword 桃太郎さん,C8:524B,43,5C,!
scan keyword 桃太郎さん,C8:524B,44,7E,」
scan keyword 桃太郎さん,C8:524B,45,01,<NL>
scan keyword 桃太郎さん,C8:524B,46,7D,「
scan keyword 桃太郎さん,C8:524B,47,99,こ
scan keyword 桃太郎さん,C8:524B,48,B9,れ
scan keyword 桃太郎さん,C8:524B,49,A5,に
scan keyword 桃太郎さん,C8:524B,50,50, 
scan keyword 桃太郎さん,C8:524B,51,99,こ
scan keyword 桃太郎さん,C8:524B,52,B7,り
scan keyword 桃太郎さん,C8:524B,53,D7,ず
scan keyword 桃太郎さん,C8:524B,54,A5,に
scan keyword 桃太郎さん,C8:524B,55,01,<NL>
scan keyword 桃太郎さん,C8:524B,56,50, 
scan keyword 桃太郎さん,C8:524B,57,AE,ま
scan keyword 桃太郎さん,C8:524B,58,9F,た
scan keyword 桃太郎さん,C8:524B,59,50, 
scan keyword 桃太郎さん,C8:524B,60,96,き
scan keyword 桃太郎さん,C8:524B,61,A2,て
scan keyword 桃太郎さん,C8:524B,62,97,く
scan keyword 桃太郎さん,C8:524B,63,B9,れ
scan keyword 桃太郎さん,C8:524B,64,5C,!
scan keyword 桃太郎さん,C8:524B,65,50, 
scan keyword 桃太郎さん,C8:524B,66,AE,ま
scan keyword 桃太郎さん,C8:524B,67,F5,っ
scan keyword 桃太郎さん,C8:524B,68,A2,て
scan keyword 桃太郎さん,C8:524B,69,B8,る
scan keyword 桃太郎さん,C8:524B,70,D8,ぜ
scan keyword 桃太郎さん,C8:524B,71,5C,!
scan keyword 桃太郎さん,C8:524B,72,7E,」
scan keyword 桃太郎さん,C8:524B,73,01,<NL>
scan keyword 桃太郎さん,C8:524B,74,00,<00>
