block_start,block_end,区分,known_count,説明
0x000000,0x000FFF,未着手,0,引継ぎ情報に該当記載なし
0x001000,0x001FFF,未着手,0,引継ぎ情報に該当記載なし
0x002000,0x002FFF,未着手,0,引継ぎ情報に該当記載なし
0x003000,0x003FFF,未着手,0,引継ぎ情報に該当記載なし
0x004000,0x004FFF,予想,1,| `0x4EC51` | 有力 | DMA設定/転送準備 | `0x4370..4374` をセットして `JSL $80A474`。 | [shinmomo_handover_full_addresses_with_weapon_skill.md:52]
0x005000,0x005FFF,未着手,0,引継ぎ情報に該当記載なし
0x006000,0x006FFF,未着手,0,引継ぎ情報に該当記載なし
0x007000,0x007FFF,未着手,0,引継ぎ情報に該当記載なし
0x008000,0x008FFF,未着手,0,引継ぎ情報に該当記載なし
0x009000,0x009FFF,未着手,0,引継ぎ情報に該当記載なし
0x00A000,0x00AFFF,未着手,0,引継ぎ情報に該当記載なし
0x00B000,0x00BFFF,未着手,0,引継ぎ情報に該当記載なし
0x00C000,0x00CFFF,未着手,0,引継ぎ情報に該当記載なし
0x00D000,0x00DFFF,未着手,0,引継ぎ情報に該当記載なし
0x00E000,0x00EFFF,未着手,0,引継ぎ情報に該当記載なし
0x00F000,0x00FFFF,未着手,0,引継ぎ情報に該当記載なし
0x010000,0x010FFF,未着手,0,引継ぎ情報に該当記載なし
0x011000,0x011FFF,未着手,0,引継ぎ情報に該当記載なし
0x012000,0x012FFF,未着手,0,引継ぎ情報に該当記載なし
0x013000,0x013FFF,未着手,0,引継ぎ情報に該当記載なし
0x014000,0x014FFF,未着手,0,引継ぎ情報に該当記載なし
0x015000,0x015FFF,未着手,0,引継ぎ情報に該当記載なし
0x016000,0x016FFF,未着手,0,引継ぎ情報に該当記載なし
0x017000,0x017FFF,未着手,0,引継ぎ情報に該当記載なし
0x018000,0x018FFF,未着手,0,引継ぎ情報に該当記載なし
0x019000,0x019FFF,未着手,0,引継ぎ情報に該当記載なし
0x01A000,0x01AFFF,未着手,0,引継ぎ情報に該当記載なし
0x01B000,0x01BFFF,未着手,0,引継ぎ情報に該当記載なし
0x01C000,0x01CFFF,未着手,0,引継ぎ情報に該当記載なし
0x01D000,0x01DFFF,未着手,0,引継ぎ情報に該当記載なし
0x01E000,0x01EFFF,未着手,0,引継ぎ情報に該当記載なし
0x01F000,0x01FFFF,未着手,0,引継ぎ情報に該当記載なし
0x020000,0x020FFF,未着手,0,引継ぎ情報に該当記載なし
0x021000,0x021FFF,未着手,0,引継ぎ情報に該当記載なし
0x022000,0x022FFF,未着手,0,引継ぎ情報に該当記載なし
0x023000,0x023FFF,未着手,0,引継ぎ情報に該当記載なし
0x024000,0x024FFF,未着手,0,引継ぎ情報に該当記載なし
0x025000,0x025FFF,未着手,0,引継ぎ情報に該当記載なし
0x026000,0x026FFF,予想,18,| `0x26B18系 = 店在庫本体` | 低下 | UI/描画/表示定義寄りの可能性が高い。 | [shinmomo_handover_full_addresses_with_weapon_skill.md:174] / | `0x26A60..0x26C3F` | 有力 | UI/描画/表示定義寄りのデータ群 | 以前は店在庫候補と見たが、`0x4EA30 → 0x4EC51` の流れからDMA/画面転送寄りと判断修正。 | [shinmomo_handover_full_addresses_with_weapon_skill.md:48] / | `0x4EA4E` | 有力 | 3バイトポインタ表 | index 0〜5 で `0x26A60/0x26ABC/0x26B18/0x26B74/0x26BD0/0x26BFF` を指す。 | [shinmomo_handover_full_addresses_with_weapon_skill.md:51] / | `0x26B18 / 0x26B74 / 0x26BD0 / 0x26BFF` | 有力 | FF終端のレコード群だが、店在庫本体とは限らない | 店在庫マスタ本命説は後退。表示束 / UI定義束の可能性が高い。 | [shinmomo_handover_full_addresses_with_weapon_skill.md:49] / | `0x26A60..0x26C3F` | 店在庫マスタ候補 | UI/描画/表示定義データ寄り。店在庫本体説は後退 | [shinmomo_handover_summary.md:43] / - `0x26B18系` は UI/表示束 [shinmomo_handover_full_addresses_with_weapon_skill.md:212]
0x027000,0x027FFF,未着手,0,引継ぎ情報に該当記載なし
0x028000,0x028FFF,未着手,0,引継ぎ情報に該当記載なし
0x029000,0x029FFF,確定,0,"bank85 queue/staging 本線。90A3, 92AF, 93AC, 93BC, 9470, 957F, 9F4B があり、1978/197C→198E/198C→19D5/19E5/19F5/19C5→queue の主線。"
0x02A000,0x02AFFF,未着手,0,引継ぎ情報に該当記載なし
0x02B000,0x02BFFF,確定,0,"bank85 集約・active list 本線。B845, B888, B811 系で 19D5/19E5 から 1D56/1D5A, 1979/197D へ集約・抽出。"
0x02C000,0x02CFFF,未着手,0,引継ぎ情報に該当記載なし
0x02D000,0x02DFFF,未着手,0,引継ぎ情報に該当記載なし
0x02E000,0x02EFFF,未着手,0,引継ぎ情報に該当記載なし
0x02F000,0x02FFFF,確定,5,| `0x2F807` | 未確認 | `A*4 + subindex` 補助表候補 | [shinmomo_handover_full_addresses_with_weapon_skill.md:126] / | `0x2F81A` | 未確認 | `A*9` 補助表候補 | [shinmomo_handover_full_addresses_with_weapon_skill.md:127] / - raw `0x2FD68..0x2FDB2` に、**24bitポインタ + 記述テーブル方式の汎用読取ルーチン** がある [shinmomo_handover_20260313_latest.md:120] / 82:FD67 汎用field抽出器、82:FE0E selector0 special path。schema/field型と selector0 動的 override の本丸。
0x030000,0x030FFF,予想,9,- `0x30048..0x30168` の 8バイト束を読む側も候補 [shinmomo_handover_20260313_latest.md:273] / - `target` は **`0x30000 + target`** とみると自然につながる [shinmomo_handover_20260313_latest.md:35] / - `target` = `0x30000` 台スクリプト先頭 [shinmomo_handover_20260313_latest.md:97] / - これは単独ではなく、**`0x30048` から続く35件の8バイト束** の一要素 [shinmomo_handover_20260313_latest.md:114] / - `0x300D3` に **`88:9A05` を指す 24bitポインタ** がある [shinmomo_handover_20260313_latest.md:113] / - `shinmomo_0x300d3_generic_reader_hunt.md` [shinmomo_handover_20260313_latest.md:309] / …ほか1件
0x031000,0x031FFF,予想,26,"| 店メッセージ候補 | `0x31C68` / `0x31DF8` / `0x320C8` | 未確定 | 店会話/店処理入口の本線候補 | [shinmomo_handover_summary.md:52] / - `0x31C68 / 0x31DF8 / 0x320C8` = 店/施設スクリプト帯候補 [shinmomo_handover_20260313_latest.md:28] / | `0x31C68` | 未確認 | 店メッセージ候補 | [shinmomo_handover_full_addresses_with_weapon_skill.md:121] / 3. 店メッセージ候補 (`0x31C68` / `0x31DF8` / `0x320C8`) 周辺から本線追跡 [shinmomo_handover_summary.md:111] / | `0x31DF8` | 未確認 | 店メッセージ候補 | [shinmomo_handover_full_addresses_with_weapon_skill.md:122] / - `0x31C68` 一致 [shinmomo_handover_20260313_latest.md:17] / - `0x31C68` への直結は未発見 [shinmomo_handover_20260313_latest.md:47] / …ほか12件 / 店メッセージ/店処理候補帯。0x31C68, 0x31DF8, 0x320C8 は依然として本丸候補だが本文/命令境界は未確定。"
0x032000,0x032FFF,予想,15,"| 店メッセージ候補 | `0x31C68` / `0x31DF8` / `0x320C8` | 未確定 | 店会話/店処理入口の本線候補 | [shinmomo_handover_summary.md:52] / - `0x31C68 / 0x31DF8 / 0x320C8` = 店/施設スクリプト帯候補 [shinmomo_handover_20260313_latest.md:28] / | `0x320C8` | 未確認 | 店メッセージ候補 | [shinmomo_handover_full_addresses_with_weapon_skill.md:123] / 3. 店メッセージ候補 (`0x31C68` / `0x31DF8` / `0x320C8`) 周辺から本線追跡 [shinmomo_handover_summary.md:111] / - 例: `20A4 -> 0x320A4` [shinmomo_handover_20260313_latest.md:37] / - `0x31DDF`, `0x320A4` などのスクリプト帯へ飛ぶ [shinmomo_handover_20260313_latest.md:40] / - **`0x320A4` に接続するレコードあり** [shinmomo_handover_20260313_latest.md:44] / …ほか7件 / 店メッセージ/店処理候補帯の継続。0x320C8 を含む。"
0x033000,0x033FFF,未着手,0,引継ぎ情報に該当記載なし
0x034000,0x034FFF,未着手,0,引継ぎ情報に該当記載なし
0x035000,0x035FFF,未着手,0,引継ぎ情報に該当記載なし
0x036000,0x036FFF,未着手,0,引継ぎ情報に該当記載なし
0x037000,0x037FFF,未着手,0,引継ぎ情報に該当記載なし
0x038000,0x038FFF,未着手,0,引継ぎ情報に該当記載なし
0x039000,0x039FFF,未着手,0,引継ぎ情報に該当記載なし
0x03A000,0x03AFFF,未着手,0,引継ぎ情報に該当記載なし
0x03B000,0x03BFFF,未着手,0,引継ぎ情報に該当記載なし
0x03C000,0x03CFFF,未着手,0,引継ぎ情報に該当記載なし
0x03D000,0x03DFFF,未着手,0,引継ぎ情報に該当記載なし
0x03E000,0x03EFFF,予想,2,| `0x3E0B8` | 未確認 | `id*3` の24bitポインタ表ディスパッチ候補 | [shinmomo_handover_full_addresses_with_weapon_skill.md:125] / - `0x3E480` 近傍: [shinmomo_handover_20260313_latest.md:66]
0x03F000,0x03FFFF,未着手,0,引継ぎ情報に該当記載なし
0x040000,0x040FFF,未着手,0,引継ぎ情報に該当記載なし
0x041000,0x041FFF,確定,25,| 分岐ディスパッチ候補 | `0x41AC0` 付近 | 未確定 | 店/施設/イベント分岐マスタ候補 | [shinmomo_handover_summary.md:53] / - `$1FAA` 自体、または `$1FAC..` に展開された内容が `0x41A10..` の `c3..c5` 候補 [shinmomo_handover_20260313_latest.md:91] / - `0x41AC0` = 分岐ディスパッチ表候補（後述。実際は中腹） [shinmomo_handover_20260313_latest.md:27] / | `0x41AC0` | 未確認 | 分岐ディスパッチ表候補（店/施設/イベント分岐マスタ寄り） | [shinmomo_handover_full_addresses_with_weapon_skill.md:124] / 4. `0x41AC0` 分岐ディスパッチ候補の実体確認 [shinmomo_handover_summary.md:112] / ### `0x41A10..` の正体 [shinmomo_handover_20260313_latest.md:30] / - 少なくとも **`0x41A10` から同型8バイトレコードが連続** [shinmomo_handover_20260313_latest.md:32] / …ほか16件
0x042000,0x042FFF,未着手,0,引継ぎ情報に該当記載なし
0x043000,0x043FFF,未着手,0,引継ぎ情報に該当記載なし
0x044000,0x044FFF,確定,65,| `0x442BF` 周辺 | 確定 | 道具表本命 | 11バイト固定長。`+03..04` 買値、`+05..06` 売値、`+07..08` 効果量候補、`+00..02` 分類候補。仙豆系や高額道具が強く一致。 | [shinmomo_handover_full_addresses_with_weapon_skill.md:17] / | 道具表 | `0x442BF` 付近 | ほぼ確定 | 11バイト固定長。`+03..04=買値`、`+05..06=売値`、`+07..08=効果量候補`、`+00..02=分類候補` | [shinmomo_handover_summary.md:10] / | 価格読込本線 | 未捕捉 | 未確定 | `0x449D0` / `0x442BF` を間接参照している可能性大 | [shinmomo_handover_summary.md:55] / | 仙豆系 | `0x446A8..0x446DF` | 強く確定 | [shinmomo_handover_summary.md:36] / | `0x449D0` 周辺 | 確定 | 装備表本命 | 16バイト固定長。`+03..04` 買値、`+05..06` 売値、`+0E` 装備種別候補、`+0F` 上昇値。刀・胴・杖・バラ系などが実データと一致。 | [shinmomo_handover_full_addresses_with_weapon_skill.md:18] / | `0x449D0..0x44A80` | 確定 | 桃太郎武器帯 | 木刀→刀→木の葉切り→竹割り→瓦割り→岩切り→鎖切り→釜割り→兜割り→鬼切り丸→百鬼切り丸→毘沙門の剣 が整列。 | [shinmomo_handover_full_addresses_with_weapon_skill.md:19] / …ほか8件 / | 回復系 | `0x442BF` 先頭付近 | 有力 | [shinmomo_handover_summary.md:34] / | 異常回復系 | `0x44300..0x44480` 周辺 | 有力 | [shinmomo_handover_summary.md:35] / | 高額特殊道具 | `0x44317` / `0x4436F` / `0x44385` など | 有力 | [shinmomo_handover_summary.md:37] / | `0x44BF0..0x44C30` | 有力 | 金太郎系まさかり帯 | まさかり系価格列と近い。Beta差分の可能性あり。 | [shinmomo_handover_full_addresses_with_weapon_skill.md:21] / | まさかり系 | `0x44BF0..0x44C30` | 有力 | [shinmomo_handover_summary.md:25] / | `0x44D00..0x44D60` | 有力 | 浦島系モリ帯 | モリ→小波→白波→大波→津波→大津波。中間にBeta差分らしき1本あり。 | [shinmomo_handover_full_addresses_with_weapon_skill.md:22] / …ほか18件
0x045000,0x045FFF,確定,4,| `0x44FA0..0x45020` | 確定 | バラ帯 | 赤いバラ→青いバラ→琥珀→べっこう→象牙→ギヤマン→銅→銀→金のバラ。 | [shinmomo_handover_full_addresses_with_weapon_skill.md:24] / | バラ系 | `0x44FA0..0x45020` | 強く確定 | [shinmomo_handover_summary.md:28]
0x046000,0x046FFF,未着手,0,引継ぎ情報に該当記載なし
0x047000,0x047FFF,未着手,0,引継ぎ情報に該当記載なし
0x048000,0x048FFF,未着手,0,引継ぎ情報に該当記載なし
0x049000,0x049FFF,確定,0,"bank89 source/context 正規化帯。9D4D, 9D91, 9DE5, 9E10, 9EB1, 9EC7, 9F24 で descriptor→raw ID→queue token 分岐の中心。"
0x04A000,0x04AFFF,確定,0,"bank89 顔/部品 selector 主線。A0EE/A0F1, A448, A5AF/A5C8, A963/A9AD, ABF1/AC65/AC8B/ACCA を含む。"
0x04B000,0x04BFFF,確定,0,"bank89 descriptor stream/current record 層。B35D, B806, BA92, BB39/BB4E, BEB8, BF55 があり、$B9/$BB と [$BE] を通じて NPC/descriptor を読む。"
0x04C000,0x04CFFF,予想,2,| `0x04CD2E` 前後 | 有力 | `84:CFFB` と `84:CF6A` を WRAM にセット | 表示資材/制御資材の可能性。 | [shinmomo_handover_full_addresses_with_weapon_skill.md:67] / | `0x04CD5E` | 有力 | 薄いUIオープナー | `JSL $80B340` / `JSL $80B572` で窓を開くだけ。商品/価格本丸ではない。 | [shinmomo_handover_full_addresses_with_weapon_skill.md:66]
0x04D000,0x04DFFF,予想,5,"| `0x04DCC8` | 有力 | 店画面系の本格初期化ルート | mode `1D`, window `34/30`, `84:D9EC` と `83:8DE0` を用いる。 | [shinmomo_handover_full_addresses_with_weapon_skill.md:70] / | `0x0683B9` | 有力 | `0x04DCC8` の兄弟モード | mode `14`, window `33/30`, `84:D9EC` と `83:8443` を用いる。 | [shinmomo_handover_full_addresses_with_weapon_skill.md:71] / | 店/施設マップID → UIモード対応表 | 未確認 | `0x04DCC8` / `0x0683B9` のさらに前段に存在する可能性。 | [shinmomo_handover_full_addresses_with_weapon_skill.md:140] / - `0x04DCC8` / `0x0683B9` に入る前段で、店種別や画面種別が決まるルート [shinmomo_handover_full_addresses_with_weapon_skill.md:197] / - `0x04DCC8` / `0x0683B9` が店画面兄弟モード [shinmomo_handover_full_addresses_with_weapon_skill.md:211]"
0x04E000,0x04EFFF,予想,11,| `0x4EA30 = 店在庫読込本線` | 低下 | UIデータ塊選択 + DMA準備寄り。 | [shinmomo_handover_full_addresses_with_weapon_skill.md:175] / | `0x26A60..0x26C3F` | 有力 | UI/描画/表示定義寄りのデータ群 | 以前は店在庫候補と見たが、`0x4EA30 → 0x4EC51` の流れからDMA/画面転送寄りと判断修正。 | [shinmomo_handover_full_addresses_with_weapon_skill.md:48] / | `0x4EA30` | 有力 | ポインタ表経由でデータ塊を選び、後段へ渡す中継 | 以前は在庫グループ読込本命と見たが、現状はUIデータ塊選択寄り。 | [shinmomo_handover_full_addresses_with_weapon_skill.md:50] / | `0x69FA7` | 有力 | `$1F9D` → 変換表 → `0x4EA30` | 店在庫より、画面用段階切替寄り。 | [shinmomo_handover_full_addresses_with_weapon_skill.md:54] / | `0x4EA4E` | 有力 | 3バイトポインタ表 | index 0〜5 で `0x26A60/0x26ABC/0x26B18/0x26B74/0x26BD0/0x26BFF` を指す。 | [shinmomo_handover_full_addresses_with_weapon_skill.md:51] / | `0x4EC51` | 有力 | DMA設定/転送準備 | `0x4370..4374` をセットして `JSL $80A474`。 | [shinmomo_handover_full_addresses_with_weapon_skill.md:52] / | `0x4EA30..0x4EC51` | 店在庫グループ読込 | 3バイトポインタ表 + DMA/画面転送準備寄り | [shinmomo_handover_summary.md:44] / …ほか1件
0x04F000,0x04FFFF,未着手,0,引継ぎ情報に該当記載なし
0x050000,0x050FFF,未着手,0,引継ぎ情報に該当記載なし
0x051000,0x051FFF,未着手,0,引継ぎ情報に該当記載なし
0x052000,0x052FFF,未着手,0,引継ぎ情報に該当記載なし
0x053000,0x053FFF,未着手,0,引継ぎ情報に該当記載なし
0x054000,0x054FFF,未着手,0,引継ぎ情報に該当記載なし
0x055000,0x055FFF,未着手,0,引継ぎ情報に該当記載なし
0x056000,0x056FFF,未着手,0,引継ぎ情報に該当記載なし
0x057000,0x057FFF,未着手,0,引継ぎ情報に該当記載なし
0x058000,0x058FFF,未着手,0,引継ぎ情報に該当記載なし
0x059000,0x059FFF,未着手,0,引継ぎ情報に該当記載なし
0x05A000,0x05AFFF,未着手,0,引継ぎ情報に該当記載なし
0x05B000,0x05BFFF,未着手,0,引継ぎ情報に該当記載なし
0x05C000,0x05CFFF,未着手,0,引継ぎ情報に該当記載なし
0x05D000,0x05DFFF,未着手,0,引継ぎ情報に該当記載なし
0x05E000,0x05EFFF,未着手,0,引継ぎ情報に該当記載なし
0x05F000,0x05FFFF,未着手,0,引継ぎ情報に該当記載なし
0x060000,0x060FFF,未着手,0,引継ぎ情報に該当記載なし
0x061000,0x061FFF,未着手,0,引継ぎ情報に該当記載なし
0x062000,0x062FFF,未着手,0,引継ぎ情報に該当記載なし
0x063000,0x063FFF,未着手,0,引継ぎ情報に該当記載なし
0x064000,0x064FFF,未着手,0,引継ぎ情報に該当記載なし
0x065000,0x065FFF,未着手,0,引継ぎ情報に該当記載なし
0x066000,0x066FFF,未着手,0,引継ぎ情報に該当記載なし
0x067000,0x067FFF,未着手,0,引継ぎ情報に該当記載なし
0x068000,0x068FFF,予想,4,"| `0x0683B9` | 有力 | `0x04DCC8` の兄弟モード | mode `14`, window `33/30`, `84:D9EC` と `83:8443` を用いる。 | [shinmomo_handover_full_addresses_with_weapon_skill.md:71] / | 店/施設マップID → UIモード対応表 | 未確認 | `0x04DCC8` / `0x0683B9` のさらに前段に存在する可能性。 | [shinmomo_handover_full_addresses_with_weapon_skill.md:140] / - `0x04DCC8` / `0x0683B9` に入る前段で、店種別や画面種別が決まるルート [shinmomo_handover_full_addresses_with_weapon_skill.md:197] / - `0x04DCC8` / `0x0683B9` が店画面兄弟モード [shinmomo_handover_full_addresses_with_weapon_skill.md:211]"
0x069000,0x069FFF,予想,12,| `0x69FF1 = 価格参照本線` | 低下 | bank86固定レコード読込で、価格本線ではない。 | [shinmomo_handover_full_addresses_with_weapon_skill.md:176] / | `$1F9D` | 有力 | 店フェーズ / グループ段階入力値 | `0x69FA7` で変換表に入る。 | [shinmomo_handover_full_addresses_with_weapon_skill.md:38] / | `0x69FA7` | 有力 | `$1F9D` → 変換表 → `0x4EA30` | 店在庫より、画面用段階切替寄り。 | [shinmomo_handover_full_addresses_with_weapon_skill.md:54] / | `0x69FB6` | 有力 | 変換表 `FF 03 00 00 01 02 01 02` | `$1F9D` を入力にグループ/段階を返す表っぽい。商品ID表ではない。 | [shinmomo_handover_full_addresses_with_weapon_skill.md:53] / | グループ切替表 | `0x69FB6` | 有力 | `FF 03 00 00 01 02 01 02`。`$1F9D` を入力にグループ段階へ変換する表候補 | [shinmomo_handover_summary.md:15] / | `0x69FEF / 0x69FF1` | 有力 | `$F1` 経由で bank86 固定レコードを読む | 商品価格表ではなくUI項目定義。 | [shinmomo_handover_full_addresses_with_weapon_skill.md:55] / | `0x69FEF..0x69FF1` | 価格判定本線候補 | bank86固定レコード読込。価格本線ではない | [shinmomo_handover_summary.md:45] / …ほか2件
0x06A000,0x06AFFF,予想,4,| `$1FAA` | 有力 | サブ機能セット番号 | `0x6A14D` で 8バイト刻み固定表を引く。 | [shinmomo_handover_full_addresses_with_weapon_skill.md:40] / | `0x6A14D` | 有力 | `$1FAA` による 8バイト刻み固定表読込 | 店在庫ではなく、店/施設のサブ機能セット読込寄り。 | [shinmomo_handover_full_addresses_with_weapon_skill.md:56] / | `0x6A1B9` | 有力 | 8バイト固定表 | UI/サブ機能構成用。 | [shinmomo_handover_full_addresses_with_weapon_skill.md:57] / - `0x6A13E` 付近で: [shinmomo_handover_20260313_latest.md:84]
0x06B000,0x06BFFF,確定,40,| `0x6B340..0x6B629` | 確定 | bank86 共通UI状態機械 | 店専用ではなく、通常メニュー・店画面・特殊画面・一部表示帯で共有。 | [shinmomo_handover_full_addresses_with_weapon_skill.md:27] / | UI状態機械 | `0x6B340..0x6B629` | かなり確定 | 店専用ではなく、通常メニュー・店画面・特殊画面で共有される共通UIフレームワーク | [shinmomo_handover_summary.md:12] / | UI構造体群 | `0x6B3B6` / `0x6B40A` / `0x6B460` / `0x6B4CF` / `0x6B64A` | かなり確定 | ウィンドウ/帯/枠の開閉・表示アニメ用パラメータ | [shinmomo_handover_summary.md:14] / | `0x6B3CD -> 0x6B40A` | 全幅ベース枠 | かなり確定 | [shinmomo_handover_summary.md:66] / | `0x6B427 -> 0x6B460` | 全幅アクティブ枠 | かなり確定 | [shinmomo_handover_summary.md:67] / | `0x6B47E -> 0x6B4CF` | 出現開始アニメ | かなり確定 | [shinmomo_handover_summary.md:65] / …ほか2件 / | `0x6B37F` | 有力 | `0x6B3B6` を選ぶ強調表示状態ブロック | [shinmomo_handover_full_addresses_with_weapon_skill.md:94] / | `0x6B37F -> 0x6B3B6` | 全幅強調枠 | 有力 | [shinmomo_handover_summary.md:68] / | `0x6B3B6` | 有力 | 全幅・強調ウィンドウ用10バイト構造体 | `00 B8 C0 1F 00 01 20 00 90 02` | [shinmomo_handover_full_addresses_with_weapon_skill.md:28] / | `0x6B3CD` | 有力 | `0x6B40A` を選ぶベース表示状態ブロック | [shinmomo_handover_full_addresses_with_weapon_skill.md:95] / | `0x6B40A` | 有力 | 全幅・静的ベース枠用10バイト構造体 | `00 B8 40 00 00 00 A0 00 00 00` | [shinmomo_handover_full_addresses_with_weapon_skill.md:29] / | `0x6B427` | 有力 | `0x6B460` を選ぶアクティブ表示状態ブロック | [shinmomo_handover_full_addresses_with_weapon_skill.md:96] / …ほか8件
0x06C000,0x06CFFF,未着手,0,引継ぎ情報に該当記載なし
0x06D000,0x06DFFF,未着手,0,引継ぎ情報に該当記載なし
0x06E000,0x06EFFF,未着手,0,引継ぎ情報に該当記載なし
0x06F000,0x06FFFF,未着手,0,引継ぎ情報に該当記載なし
0x070000,0x070FFF,予想,0,C7:0000 起点の 3byte descriptor table 有力帯。9D4D が引く table の best-fit 復元、type02/type04/type06/type08/type0F family roots を含む。
0x071000,0x071FFF,未着手,0,引継ぎ情報に該当記載なし
0x072000,0x072FFF,未着手,0,引継ぎ情報に該当記載なし
0x073000,0x073FFF,未着手,0,引継ぎ情報に該当記載なし
0x074000,0x074FFF,予想,0,"type04/type02 既知descriptor帯の一部。C7:46EF (10,04) など direct/family descriptor が存在。"
0x075000,0x075FFF,未着手,0,引継ぎ情報に該当記載なし
0x076000,0x076FFF,未着手,0,引継ぎ情報に該当記載なし
0x077000,0x077FFF,未着手,0,引継ぎ情報に該当記載なし
0x078000,0x078FFF,未着手,0,引継ぎ情報に該当記載なし
0x079000,0x079FFF,確定,0,"direct compact descriptor (17,04)=C7:9EA4 を含む。mini-trace 済み。"
0x07A000,0x07AFFF,未着手,0,引継ぎ情報に該当記載なし
0x07B000,0x07BFFF,未着手,0,引継ぎ情報に該当記載なし
0x07C000,0x07CFFF,確定,0,"direct compact descriptor (18,04)=C7:C7F7 を含む。mini-trace 済み。"
0x07D000,0x07DFFF,確定,0,"direct compact descriptor (19,04)=C7:D98A を含む。mini-trace 済み。"
0x07E000,0x07EFFF,未着手,0,引継ぎ情報に該当記載なし
0x07F000,0x07FFFF,未着手,0,引継ぎ情報に該当記載なし
0x080000,0x080FFF,未着手,0,引継ぎ情報に該当記載なし
0x081000,0x081FFF,未着手,0,引継ぎ情報に該当記載なし
0x082000,0x082FFF,未着手,0,引継ぎ情報に該当記載なし
0x083000,0x083FFF,未着手,0,引継ぎ情報に該当記載なし
0x084000,0x084FFF,未着手,0,引継ぎ情報に該当記載なし
0x085000,0x085FFF,未着手,0,引継ぎ情報に該当記載なし
0x086000,0x086FFF,未着手,0,引継ぎ情報に該当記載なし
0x087000,0x087FFF,未着手,0,引継ぎ情報に該当記載なし
0x088000,0x088FFF,未着手,0,引継ぎ情報に該当記載なし
0x089000,0x089FFF,未着手,0,引継ぎ情報に該当記載なし
0x08A000,0x08AFFF,未着手,0,引継ぎ情報に該当記載なし
0x08B000,0x08BFFF,未着手,0,引継ぎ情報に該当記載なし
0x08C000,0x08CFFF,未着手,0,引継ぎ情報に該当記載なし
0x08D000,0x08DFFF,未着手,0,引継ぎ情報に該当記載なし
0x08E000,0x08EFFF,未着手,0,引継ぎ情報に該当記載なし
0x08F000,0x08FFFF,予想,0,"AE3A 既知キー (64,02) -> C8:F193 を含む mode02 blob/producer context 帯。"
0x090000,0x090FFF,未着手,0,引継ぎ情報に該当記載なし
0x091000,0x091FFF,未着手,0,引継ぎ情報に該当記載なし
0x092000,0x092FFF,未着手,0,引継ぎ情報に該当記載なし
0x093000,0x093FFF,未着手,0,引継ぎ情報に該当記載なし
0x094000,0x094FFF,予想,0,"AE3A 既知キー (78,06)/(7B,06) -> C9:4C7A/4F83 を含む mode02 family 帯。"
0x095000,0x095FFF,未着手,0,引継ぎ情報に該当記載なし
0x096000,0x096FFF,未着手,0,引継ぎ情報に該当記載なし
0x097000,0x097FFF,未着手,0,引継ぎ情報に該当記載なし
0x098000,0x098FFF,未着手,0,引継ぎ情報に該当記載なし
0x099000,0x099FFF,未着手,0,引継ぎ情報に該当記載なし
0x09A000,0x09AFFF,未着手,0,引継ぎ情報に該当記載なし
0x09B000,0x09BFFF,予想,0,"AE3A 既知キー (A9,06) -> C9:BE1C を含む heavy mode00 family 帯。"
0x09C000,0x09CFFF,未着手,0,引継ぎ情報に該当記載なし
0x09D000,0x09DFFF,未着手,0,引継ぎ情報に該当記載なし
0x09E000,0x09EFFF,未着手,0,引継ぎ情報に該当記載なし
0x09F000,0x09FFFF,未着手,0,引継ぎ情報に該当記載なし
0x0A0000,0x0A0FFF,未着手,0,引継ぎ情報に該当記載なし
0x0A1000,0x0A1FFF,未着手,0,引継ぎ情報に該当記載なし
0x0A2000,0x0A2FFF,未着手,0,引継ぎ情報に該当記載なし
0x0A3000,0x0A3FFF,未着手,0,引継ぎ情報に該当記載なし
0x0A4000,0x0A4FFF,未着手,0,引継ぎ情報に該当記載なし
0x0A5000,0x0A5FFF,未着手,0,引継ぎ情報に該当記載なし
0x0A6000,0x0A6FFF,未着手,0,引継ぎ情報に該当記載なし
0x0A7000,0x0A7FFF,未着手,0,引継ぎ情報に該当記載なし
0x0A8000,0x0A8FFF,未着手,0,引継ぎ情報に該当記載なし
0x0A9000,0x0A9FFF,未着手,0,引継ぎ情報に該当記載なし
0x0AA000,0x0AAFFF,予想,0,"AE3A 既知キー (F7,06) -> CA:A4EC を含む heavy mode00 family 帯。"
0x0AB000,0x0ABFFF,未着手,0,引継ぎ情報に該当記載なし
0x0AC000,0x0ACFFF,未着手,0,引継ぎ情報に該当記載なし
0x0AD000,0x0ADFFF,未着手,0,引継ぎ情報に該当記載なし
0x0AE000,0x0AEFFF,未着手,0,引継ぎ情報に該当記載なし
0x0AF000,0x0AFFFF,未着手,0,引継ぎ情報に該当記載なし
0x0B0000,0x0B0FFF,未着手,0,引継ぎ情報に該当記載なし
0x0B1000,0x0B1FFF,未着手,0,引継ぎ情報に該当記載なし
0x0B2000,0x0B2FFF,未着手,0,引継ぎ情報に該当記載なし
0x0B3000,0x0B3FFF,未着手,0,引継ぎ情報に該当記載なし
0x0B4000,0x0B4FFF,未着手,0,引継ぎ情報に該当記載なし
0x0B5000,0x0B5FFF,未着手,0,引継ぎ情報に該当記載なし
0x0B6000,0x0B6FFF,未着手,0,引継ぎ情報に該当記載なし
0x0B7000,0x0B7FFF,未着手,0,引継ぎ情報に該当記載なし
0x0B8000,0x0B8FFF,未着手,0,引継ぎ情報に該当記載なし
0x0B9000,0x0B9FFF,未着手,0,引継ぎ情報に該当記載なし
0x0BA000,0x0BAFFF,未着手,0,引継ぎ情報に該当記載なし
0x0BB000,0x0BBFFF,未着手,0,引継ぎ情報に該当記載なし
0x0BC000,0x0BCFFF,未着手,0,引継ぎ情報に該当記載なし
0x0BD000,0x0BDFFF,未着手,0,引継ぎ情報に該当記載なし
0x0BE000,0x0BEFFF,未着手,0,引継ぎ情報に該当記載なし
0x0BF000,0x0BFFFF,未着手,0,引継ぎ情報に該当記載なし
0x0C0000,0x0C0FFF,未着手,0,引継ぎ情報に該当記載なし
0x0C1000,0x0C1FFF,未着手,0,引継ぎ情報に該当記載なし
0x0C2000,0x0C2FFF,未着手,0,引継ぎ情報に該当記載なし
0x0C3000,0x0C3FFF,未着手,0,引継ぎ情報に該当記載なし
0x0C4000,0x0C4FFF,未着手,0,引継ぎ情報に該当記載なし
0x0C5000,0x0C5FFF,未着手,0,引継ぎ情報に該当記載なし
0x0C6000,0x0C6FFF,未着手,0,引継ぎ情報に該当記載なし
0x0C7000,0x0C7FFF,未着手,0,引継ぎ情報に該当記載なし
0x0C8000,0x0C8FFF,未着手,0,引継ぎ情報に該当記載なし
0x0C9000,0x0C9FFF,未着手,0,引継ぎ情報に該当記載なし
0x0CA000,0x0CAFFF,未着手,0,引継ぎ情報に該当記載なし
0x0CB000,0x0CBFFF,未着手,0,引継ぎ情報に該当記載なし
0x0CC000,0x0CCFFF,未着手,0,引継ぎ情報に該当記載なし
0x0CD000,0x0CDFFF,未着手,0,引継ぎ情報に該当記載なし
0x0CE000,0x0CEFFF,未着手,0,引継ぎ情報に該当記載なし
0x0CF000,0x0CFFFF,未着手,0,引継ぎ情報に該当記載なし
0x0D0000,0x0D0FFF,未着手,0,引継ぎ情報に該当記載なし
0x0D1000,0x0D1FFF,未着手,0,引継ぎ情報に該当記載なし
0x0D2000,0x0D2FFF,未着手,0,引継ぎ情報に該当記載なし
0x0D3000,0x0D3FFF,未着手,0,引継ぎ情報に該当記載なし
0x0D4000,0x0D4FFF,未着手,0,引継ぎ情報に該当記載なし
0x0D5000,0x0D5FFF,未着手,0,引継ぎ情報に該当記載なし
0x0D6000,0x0D6FFF,未着手,0,引継ぎ情報に該当記載なし
0x0D7000,0x0D7FFF,未着手,0,引継ぎ情報に該当記載なし
0x0D8000,0x0D8FFF,未着手,0,引継ぎ情報に該当記載なし
0x0D9000,0x0D9FFF,未着手,0,引継ぎ情報に該当記載なし
0x0DA000,0x0DAFFF,未着手,0,引継ぎ情報に該当記載なし
0x0DB000,0x0DBFFF,未着手,0,引継ぎ情報に該当記載なし
0x0DC000,0x0DCFFF,未着手,0,引継ぎ情報に該当記載なし
0x0DD000,0x0DDFFF,未着手,0,引継ぎ情報に該当記載なし
0x0DE000,0x0DEFFF,未着手,0,引継ぎ情報に該当記載なし
0x0DF000,0x0DFFFF,未着手,0,引継ぎ情報に該当記載なし
0x0E0000,0x0E0FFF,未着手,0,引継ぎ情報に該当記載なし
0x0E1000,0x0E1FFF,未着手,0,引継ぎ情報に該当記載なし
0x0E2000,0x0E2FFF,未着手,0,引継ぎ情報に該当記載なし
0x0E3000,0x0E3FFF,未着手,0,引継ぎ情報に該当記載なし
0x0E4000,0x0E4FFF,未着手,0,引継ぎ情報に該当記載なし
0x0E5000,0x0E5FFF,未着手,0,引継ぎ情報に該当記載なし
0x0E6000,0x0E6FFF,未着手,0,引継ぎ情報に該当記載なし
0x0E7000,0x0E7FFF,未着手,0,引継ぎ情報に該当記載なし
0x0E8000,0x0E8FFF,未着手,0,引継ぎ情報に該当記載なし
0x0E9000,0x0E9FFF,未着手,0,引継ぎ情報に該当記載なし
0x0EA000,0x0EAFFF,未着手,0,引継ぎ情報に該当記載なし
0x0EB000,0x0EBFFF,未着手,0,引継ぎ情報に該当記載なし
0x0EC000,0x0ECFFF,未着手,0,引継ぎ情報に該当記載なし
0x0ED000,0x0EDFFF,未着手,0,引継ぎ情報に該当記載なし
0x0EE000,0x0EEFFF,未着手,0,引継ぎ情報に該当記載なし
0x0EF000,0x0EFFFF,未着手,0,引継ぎ情報に該当記載なし
0x0F0000,0x0F0FFF,未着手,0,引継ぎ情報に該当記載なし
0x0F1000,0x0F1FFF,未着手,0,引継ぎ情報に該当記載なし
0x0F2000,0x0F2FFF,未着手,0,引継ぎ情報に該当記載なし
0x0F3000,0x0F3FFF,未着手,0,引継ぎ情報に該当記載なし
0x0F4000,0x0F4FFF,未着手,0,引継ぎ情報に該当記載なし
0x0F5000,0x0F5FFF,未着手,0,引継ぎ情報に該当記載なし
0x0F6000,0x0F6FFF,未着手,0,引継ぎ情報に該当記載なし
0x0F7000,0x0F7FFF,未着手,0,引継ぎ情報に該当記載なし
0x0F8000,0x0F8FFF,未着手,0,引継ぎ情報に該当記載なし
0x0F9000,0x0F9FFF,未着手,0,引継ぎ情報に該当記載なし
0x0FA000,0x0FAFFF,未着手,0,引継ぎ情報に該当記載なし
0x0FB000,0x0FBFFF,未着手,0,引継ぎ情報に該当記載なし
0x0FC000,0x0FCFFF,未着手,0,引継ぎ情報に該当記載なし
0x0FD000,0x0FDFFF,未着手,0,引継ぎ情報に該当記載なし
0x0FE000,0x0FEFFF,未着手,0,引継ぎ情報に該当記載なし
0x0FF000,0x0FFFFF,未着手,0,引継ぎ情報に該当記載なし
0x100000,0x100FFF,未着手,0,引継ぎ情報に該当記載なし
0x101000,0x101FFF,未着手,0,引継ぎ情報に該当記載なし
0x102000,0x102FFF,未着手,0,引継ぎ情報に該当記載なし
0x103000,0x103FFF,未着手,0,引継ぎ情報に該当記載なし
0x104000,0x104FFF,未着手,0,引継ぎ情報に該当記載なし
0x105000,0x105FFF,未着手,0,引継ぎ情報に該当記載なし
0x106000,0x106FFF,未着手,0,引継ぎ情報に該当記載なし
0x107000,0x107FFF,未着手,0,引継ぎ情報に該当記載なし
0x108000,0x108FFF,未着手,0,引継ぎ情報に該当記載なし
0x109000,0x109FFF,未着手,0,引継ぎ情報に該当記載なし
0x10A000,0x10AFFF,未着手,0,引継ぎ情報に該当記載なし
0x10B000,0x10BFFF,未着手,0,引継ぎ情報に該当記載なし
0x10C000,0x10CFFF,未着手,0,引継ぎ情報に該当記載なし
0x10D000,0x10DFFF,未着手,0,引継ぎ情報に該当記載なし
0x10E000,0x10EFFF,未着手,0,引継ぎ情報に該当記載なし
0x10F000,0x10FFFF,未着手,0,引継ぎ情報に該当記載なし
0x110000,0x110FFF,未着手,0,引継ぎ情報に該当記載なし
0x111000,0x111FFF,未着手,0,引継ぎ情報に該当記載なし
0x112000,0x112FFF,未着手,0,引継ぎ情報に該当記載なし
0x113000,0x113FFF,未着手,0,引継ぎ情報に該当記載なし
0x114000,0x114FFF,未着手,0,引継ぎ情報に該当記載なし
0x115000,0x115FFF,未着手,0,引継ぎ情報に該当記載なし
0x116000,0x116FFF,未着手,0,引継ぎ情報に該当記載なし
0x117000,0x117FFF,未着手,0,引継ぎ情報に該当記載なし
0x118000,0x118FFF,未着手,0,引継ぎ情報に該当記載なし
0x119000,0x119FFF,未着手,0,引継ぎ情報に該当記載なし
0x11A000,0x11AFFF,未着手,0,引継ぎ情報に該当記載なし
0x11B000,0x11BFFF,未着手,0,引継ぎ情報に該当記載なし
0x11C000,0x11CFFF,未着手,0,引継ぎ情報に該当記載なし
0x11D000,0x11DFFF,未着手,0,引継ぎ情報に該当記載なし
0x11E000,0x11EFFF,未着手,0,引継ぎ情報に該当記載なし
0x11F000,0x11FFFF,未着手,0,引継ぎ情報に該当記載なし
0x120000,0x120FFF,未着手,0,引継ぎ情報に該当記載なし
0x121000,0x121FFF,未着手,0,引継ぎ情報に該当記載なし
0x122000,0x122FFF,未着手,0,引継ぎ情報に該当記載なし
0x123000,0x123FFF,未着手,0,引継ぎ情報に該当記載なし
0x124000,0x124FFF,未着手,0,引継ぎ情報に該当記載なし
0x125000,0x125FFF,未着手,0,引継ぎ情報に該当記載なし
0x126000,0x126FFF,未着手,0,引継ぎ情報に該当記載なし
0x127000,0x127FFF,未着手,0,引継ぎ情報に該当記載なし
0x128000,0x128FFF,未着手,0,引継ぎ情報に該当記載なし
0x129000,0x129FFF,未着手,0,引継ぎ情報に該当記載なし
0x12A000,0x12AFFF,未着手,0,引継ぎ情報に該当記載なし
0x12B000,0x12BFFF,未着手,0,引継ぎ情報に該当記載なし
0x12C000,0x12CFFF,未着手,0,引継ぎ情報に該当記載なし
0x12D000,0x12DFFF,未着手,0,引継ぎ情報に該当記載なし
0x12E000,0x12EFFF,未着手,0,引継ぎ情報に該当記載なし
0x12F000,0x12FFFF,未着手,0,引継ぎ情報に該当記載なし
0x130000,0x130FFF,未着手,0,引継ぎ情報に該当記載なし
0x131000,0x131FFF,未着手,0,引継ぎ情報に該当記載なし
0x132000,0x132FFF,未着手,0,引継ぎ情報に該当記載なし
0x133000,0x133FFF,未着手,0,引継ぎ情報に該当記載なし
0x134000,0x134FFF,未着手,0,引継ぎ情報に該当記載なし
0x135000,0x135FFF,未着手,0,引継ぎ情報に該当記載なし
0x136000,0x136FFF,未着手,0,引継ぎ情報に該当記載なし
0x137000,0x137FFF,未着手,0,引継ぎ情報に該当記載なし
0x138000,0x138FFF,未着手,0,引継ぎ情報に該当記載なし
0x139000,0x139FFF,未着手,0,引継ぎ情報に該当記載なし
0x13A000,0x13AFFF,未着手,0,引継ぎ情報に該当記載なし
0x13B000,0x13BFFF,未着手,0,引継ぎ情報に該当記載なし
0x13C000,0x13CFFF,未着手,0,引継ぎ情報に該当記載なし
0x13D000,0x13DFFF,未着手,0,引継ぎ情報に該当記載なし
0x13E000,0x13EFFF,未着手,0,引継ぎ情報に該当記載なし
0x13F000,0x13FFFF,未着手,0,引継ぎ情報に該当記載なし
0x140000,0x140FFF,未着手,0,引継ぎ情報に該当記載なし
0x141000,0x141FFF,未着手,0,引継ぎ情報に該当記載なし
0x142000,0x142FFF,未着手,0,引継ぎ情報に該当記載なし
0x143000,0x143FFF,未着手,0,引継ぎ情報に該当記載なし
0x144000,0x144FFF,未着手,0,引継ぎ情報に該当記載なし
0x145000,0x145FFF,未着手,0,引継ぎ情報に該当記載なし
0x146000,0x146FFF,未着手,0,引継ぎ情報に該当記載なし
0x147000,0x147FFF,未着手,0,引継ぎ情報に該当記載なし
0x148000,0x148FFF,未着手,0,引継ぎ情報に該当記載なし
0x149000,0x149FFF,未着手,0,引継ぎ情報に該当記載なし
0x14A000,0x14AFFF,未着手,0,引継ぎ情報に該当記載なし
0x14B000,0x14BFFF,未着手,0,引継ぎ情報に該当記載なし
0x14C000,0x14CFFF,未着手,0,引継ぎ情報に該当記載なし
0x14D000,0x14DFFF,未着手,0,引継ぎ情報に該当記載なし
0x14E000,0x14EFFF,未着手,0,引継ぎ情報に該当記載なし
0x14F000,0x14FFFF,未着手,0,引継ぎ情報に該当記載なし
0x150000,0x150FFF,未着手,0,引継ぎ情報に該当記載なし
0x151000,0x151FFF,未着手,0,引継ぎ情報に該当記載なし
0x152000,0x152FFF,未着手,0,引継ぎ情報に該当記載なし
0x153000,0x153FFF,未着手,0,引継ぎ情報に該当記載なし
0x154000,0x154FFF,未着手,0,引継ぎ情報に該当記載なし
0x155000,0x155FFF,未着手,0,引継ぎ情報に該当記載なし
0x156000,0x156FFF,未着手,0,引継ぎ情報に該当記載なし
0x157000,0x157FFF,未着手,0,引継ぎ情報に該当記載なし
0x158000,0x158FFF,未着手,0,引継ぎ情報に該当記載なし
0x159000,0x159FFF,未着手,0,引継ぎ情報に該当記載なし
0x15A000,0x15AFFF,未着手,0,引継ぎ情報に該当記載なし
0x15B000,0x15BFFF,未着手,0,引継ぎ情報に該当記載なし
0x15C000,0x15CFFF,未着手,0,引継ぎ情報に該当記載なし
0x15D000,0x15DFFF,未着手,0,引継ぎ情報に該当記載なし
0x15E000,0x15EFFF,未着手,0,引継ぎ情報に該当記載なし
0x15F000,0x15FFFF,未着手,0,引継ぎ情報に該当記載なし
0x160000,0x160FFF,未着手,0,引継ぎ情報に該当記載なし
0x161000,0x161FFF,未着手,0,引継ぎ情報に該当記載なし
0x162000,0x162FFF,未着手,0,引継ぎ情報に該当記載なし
0x163000,0x163FFF,未着手,0,引継ぎ情報に該当記載なし
0x164000,0x164FFF,未着手,0,引継ぎ情報に該当記載なし
0x165000,0x165FFF,未着手,0,引継ぎ情報に該当記載なし
0x166000,0x166FFF,未着手,0,引継ぎ情報に該当記載なし
0x167000,0x167FFF,未着手,0,引継ぎ情報に該当記載なし
0x168000,0x168FFF,未着手,0,引継ぎ情報に該当記載なし
0x169000,0x169FFF,未着手,0,引継ぎ情報に該当記載なし
0x16A000,0x16AFFF,未着手,0,引継ぎ情報に該当記載なし
0x16B000,0x16BFFF,未着手,0,引継ぎ情報に該当記載なし
0x16C000,0x16CFFF,未着手,0,引継ぎ情報に該当記載なし
0x16D000,0x16DFFF,未着手,0,引継ぎ情報に該当記載なし
0x16E000,0x16EFFF,未着手,0,引継ぎ情報に該当記載なし
0x16F000,0x16FFFF,未着手,0,引継ぎ情報に該当記載なし
0x170000,0x170FFF,未着手,0,引継ぎ情報に該当記載なし
0x171000,0x171FFF,未着手,0,引継ぎ情報に該当記載なし
0x172000,0x172FFF,未着手,0,引継ぎ情報に該当記載なし
0x173000,0x173FFF,未着手,0,引継ぎ情報に該当記載なし
0x174000,0x174FFF,未着手,0,引継ぎ情報に該当記載なし
0x175000,0x175FFF,未着手,0,引継ぎ情報に該当記載なし
0x176000,0x176FFF,未着手,0,引継ぎ情報に該当記載なし
0x177000,0x177FFF,未着手,0,引継ぎ情報に該当記載なし
0x178000,0x178FFF,未着手,0,引継ぎ情報に該当記載なし
0x179000,0x179FFF,未着手,0,引継ぎ情報に該当記載なし
0x17A000,0x17AFFF,未着手,0,引継ぎ情報に該当記載なし
0x17B000,0x17BFFF,未着手,0,引継ぎ情報に該当記載なし
0x17C000,0x17CFFF,未着手,0,引継ぎ情報に該当記載なし
0x17D000,0x17DFFF,未着手,0,引継ぎ情報に該当記載なし
0x17E000,0x17EFFF,未着手,0,引継ぎ情報に該当記載なし
0x17F000,0x17FFFF,未着手,0,引継ぎ情報に該当記載なし
0x180000,0x180FFF,未着手,0,引継ぎ情報に該当記載なし
0x181000,0x181FFF,未着手,0,引継ぎ情報に該当記載なし
0x182000,0x182FFF,未着手,0,引継ぎ情報に該当記載なし
0x183000,0x183FFF,未着手,0,引継ぎ情報に該当記載なし
0x184000,0x184FFF,未着手,0,引継ぎ情報に該当記載なし
0x185000,0x185FFF,未着手,0,引継ぎ情報に該当記載なし
0x186000,0x186FFF,未着手,0,引継ぎ情報に該当記載なし
0x187000,0x187FFF,未着手,0,引継ぎ情報に該当記載なし
0x188000,0x188FFF,未着手,0,引継ぎ情報に該当記載なし
0x189000,0x189FFF,未着手,0,引継ぎ情報に該当記載なし
0x18A000,0x18AFFF,未着手,0,引継ぎ情報に該当記載なし
0x18B000,0x18BFFF,未着手,0,引継ぎ情報に該当記載なし
0x18C000,0x18CFFF,未着手,0,引継ぎ情報に該当記載なし
0x18D000,0x18DFFF,未着手,0,引継ぎ情報に該当記載なし
0x18E000,0x18EFFF,未着手,0,引継ぎ情報に該当記載なし
0x18F000,0x18FFFF,未着手,0,引継ぎ情報に該当記載なし
0x190000,0x190FFF,未着手,0,引継ぎ情報に該当記載なし
0x191000,0x191FFF,未着手,0,引継ぎ情報に該当記載なし
0x192000,0x192FFF,未着手,0,引継ぎ情報に該当記載なし
0x193000,0x193FFF,未着手,0,引継ぎ情報に該当記載なし
0x194000,0x194FFF,未着手,0,引継ぎ情報に該当記載なし
0x195000,0x195FFF,未着手,0,引継ぎ情報に該当記載なし
0x196000,0x196FFF,未着手,0,引継ぎ情報に該当記載なし
0x197000,0x197FFF,未着手,0,引継ぎ情報に該当記載なし
0x198000,0x198FFF,未着手,0,引継ぎ情報に該当記載なし
0x199000,0x199FFF,未着手,0,引継ぎ情報に該当記載なし
0x19A000,0x19AFFF,未着手,0,引継ぎ情報に該当記載なし
0x19B000,0x19BFFF,未着手,0,引継ぎ情報に該当記載なし
0x19C000,0x19CFFF,未着手,0,引継ぎ情報に該当記載なし
0x19D000,0x19DFFF,未着手,0,引継ぎ情報に該当記載なし
0x19E000,0x19EFFF,未着手,0,引継ぎ情報に該当記載なし
0x19F000,0x19FFFF,未着手,0,引継ぎ情報に該当記載なし
0x1A0000,0x1A0FFF,未着手,0,引継ぎ情報に該当記載なし
0x1A1000,0x1A1FFF,未着手,0,引継ぎ情報に該当記載なし
0x1A2000,0x1A2FFF,未着手,0,引継ぎ情報に該当記載なし
0x1A3000,0x1A3FFF,確定,0,DA:3800 stream pointer table と圧縮資材の入口。22本 stream を外部デコードし 390B..399B 再配置まで可視化済み。
0x1A4000,0x1A4FFF,未着手,0,引継ぎ情報に該当記載なし
0x1A5000,0x1A5FFF,未着手,0,引継ぎ情報に該当記載なし
0x1A6000,0x1A6FFF,未着手,0,引継ぎ情報に該当記載なし
0x1A7000,0x1A7FFF,未着手,0,引継ぎ情報に該当記載なし
0x1A8000,0x1A8FFF,未着手,0,引継ぎ情報に該当記載なし
0x1A9000,0x1A9FFF,未着手,0,引継ぎ情報に該当記載なし
0x1AA000,0x1AAFFF,未着手,0,引継ぎ情報に該当記載なし
0x1AB000,0x1ABFFF,未着手,0,引継ぎ情報に該当記載なし
0x1AC000,0x1ACFFF,未着手,0,引継ぎ情報に該当記載なし
0x1AD000,0x1ADFFF,未着手,0,引継ぎ情報に該当記載なし
0x1AE000,0x1AEFFF,未着手,0,引継ぎ情報に該当記載なし
0x1AF000,0x1AFFFF,未着手,0,引継ぎ情報に該当記載なし
0x1B0000,0x1B0FFF,未着手,0,引継ぎ情報に該当記載なし
0x1B1000,0x1B1FFF,未着手,0,引継ぎ情報に該当記載なし
0x1B2000,0x1B2FFF,未着手,0,引継ぎ情報に該当記載なし
0x1B3000,0x1B3FFF,未着手,0,引継ぎ情報に該当記載なし
0x1B4000,0x1B4FFF,未着手,0,引継ぎ情報に該当記載なし
0x1B5000,0x1B5FFF,未着手,0,引継ぎ情報に該当記載なし
0x1B6000,0x1B6FFF,未着手,0,引継ぎ情報に該当記載なし
0x1B7000,0x1B7FFF,未着手,0,引継ぎ情報に該当記載なし
0x1B8000,0x1B8FFF,未着手,0,引継ぎ情報に該当記載なし
0x1B9000,0x1B9FFF,未着手,0,引継ぎ情報に該当記載なし
0x1BA000,0x1BAFFF,未着手,0,引継ぎ情報に該当記載なし
0x1BB000,0x1BBFFF,未着手,0,引継ぎ情報に該当記載なし
0x1BC000,0x1BCFFF,未着手,0,引継ぎ情報に該当記載なし
0x1BD000,0x1BDFFF,未着手,0,引継ぎ情報に該当記載なし
0x1BE000,0x1BEFFF,未着手,0,引継ぎ情報に該当記載なし
0x1BF000,0x1BFFFF,未着手,0,引継ぎ情報に該当記載なし
0x1C0000,0x1C0FFF,未着手,0,引継ぎ情報に該当記載なし
0x1C1000,0x1C1FFF,未着手,0,引継ぎ情報に該当記載なし
0x1C2000,0x1C2FFF,未着手,0,引継ぎ情報に該当記載なし
0x1C3000,0x1C3FFF,未着手,0,引継ぎ情報に該当記載なし
0x1C4000,0x1C4FFF,未着手,0,引継ぎ情報に該当記載なし
0x1C5000,0x1C5FFF,未着手,0,引継ぎ情報に該当記載なし
0x1C6000,0x1C6FFF,未着手,0,引継ぎ情報に該当記載なし
0x1C7000,0x1C7FFF,未着手,0,引継ぎ情報に該当記載なし
0x1C8000,0x1C8FFF,未着手,0,引継ぎ情報に該当記載なし
0x1C9000,0x1C9FFF,未着手,0,引継ぎ情報に該当記載なし
0x1CA000,0x1CAFFF,未着手,0,引継ぎ情報に該当記載なし
0x1CB000,0x1CBFFF,未着手,0,引継ぎ情報に該当記載なし
0x1CC000,0x1CCFFF,未着手,0,引継ぎ情報に該当記載なし
0x1CD000,0x1CDFFF,未着手,0,引継ぎ情報に該当記載なし
0x1CE000,0x1CEFFF,未着手,0,引継ぎ情報に該当記載なし
0x1CF000,0x1CFFFF,未着手,0,引継ぎ情報に該当記載なし
0x1D0000,0x1D0FFF,未着手,0,引継ぎ情報に該当記載なし
0x1D1000,0x1D1FFF,未着手,0,引継ぎ情報に該当記載なし
0x1D2000,0x1D2FFF,未着手,0,引継ぎ情報に該当記載なし
0x1D3000,0x1D3FFF,未着手,0,引継ぎ情報に該当記載なし
0x1D4000,0x1D4FFF,未着手,0,引継ぎ情報に該当記載なし
0x1D5000,0x1D5FFF,未着手,0,引継ぎ情報に該当記載なし
0x1D6000,0x1D6FFF,未着手,0,引継ぎ情報に該当記載なし
0x1D7000,0x1D7FFF,未着手,0,引継ぎ情報に該当記載なし
0x1D8000,0x1D8FFF,未着手,0,引継ぎ情報に該当記載なし
0x1D9000,0x1D9FFF,未着手,0,引継ぎ情報に該当記載なし
0x1DA000,0x1DAFFF,未着手,0,引継ぎ情報に該当記載なし
0x1DB000,0x1DBFFF,未着手,0,引継ぎ情報に該当記載なし
0x1DC000,0x1DCFFF,未着手,0,引継ぎ情報に該当記載なし
0x1DD000,0x1DDFFF,未着手,0,引継ぎ情報に該当記載なし
0x1DE000,0x1DEFFF,未着手,0,引継ぎ情報に該当記載なし
0x1DF000,0x1DFFFF,未着手,0,引継ぎ情報に該当記載なし
0x1E0000,0x1E0FFF,未着手,0,引継ぎ情報に該当記載なし
0x1E1000,0x1E1FFF,未着手,0,引継ぎ情報に該当記載なし
0x1E2000,0x1E2FFF,未着手,0,引継ぎ情報に該当記載なし
0x1E3000,0x1E3FFF,未着手,0,引継ぎ情報に該当記載なし
0x1E4000,0x1E4FFF,未着手,0,引継ぎ情報に該当記載なし
0x1E5000,0x1E5FFF,未着手,0,引継ぎ情報に該当記載なし
0x1E6000,0x1E6FFF,未着手,0,引継ぎ情報に該当記載なし
0x1E7000,0x1E7FFF,未着手,0,引継ぎ情報に該当記載なし
0x1E8000,0x1E8FFF,未着手,0,引継ぎ情報に該当記載なし
0x1E9000,0x1E9FFF,未着手,0,引継ぎ情報に該当記載なし
0x1EA000,0x1EAFFF,未着手,0,引継ぎ情報に該当記載なし
0x1EB000,0x1EBFFF,未着手,0,引継ぎ情報に該当記載なし
0x1EC000,0x1ECFFF,未着手,0,引継ぎ情報に該当記載なし
0x1ED000,0x1EDFFF,未着手,0,引継ぎ情報に該当記載なし
0x1EE000,0x1EEFFF,未着手,0,引継ぎ情報に該当記載なし
0x1EF000,0x1EFFFF,未着手,0,引継ぎ情報に該当記載なし
0x1F0000,0x1F0FFF,未着手,0,引継ぎ情報に該当記載なし
0x1F1000,0x1F1FFF,未着手,0,引継ぎ情報に該当記載なし
0x1F2000,0x1F2FFF,未着手,0,引継ぎ情報に該当記載なし
0x1F3000,0x1F3FFF,未着手,0,引継ぎ情報に該当記載なし
0x1F4000,0x1F4FFF,未着手,0,引継ぎ情報に該当記載なし
0x1F5000,0x1F5FFF,未着手,0,引継ぎ情報に該当記載なし
0x1F6000,0x1F6FFF,未着手,0,引継ぎ情報に該当記載なし
0x1F7000,0x1F7FFF,未着手,0,引継ぎ情報に該当記載なし
0x1F8000,0x1F8FFF,未着手,0,引継ぎ情報に該当記載なし
0x1F9000,0x1F9FFF,未着手,0,引継ぎ情報に該当記載なし
0x1FA000,0x1FAFFF,未着手,0,引継ぎ情報に該当記載なし
0x1FB000,0x1FBFFF,未着手,0,引継ぎ情報に該当記載なし
0x1FC000,0x1FCFFF,未着手,0,引継ぎ情報に該当記載なし
0x1FD000,0x1FDFFF,未着手,0,引継ぎ情報に該当記載なし
0x1FE000,0x1FEFFF,未着手,0,引継ぎ情報に該当記載なし
0x1FF000,0x1FFFFF,未着手,0,引継ぎ情報に該当記載なし
